--
-- PostgreSQL database dump
--

\restrict uKomgWGmyt7WJBFy7Y3nbiRYs3BlPy1FEnEqEr4W4XZe9GIFtpexSnt2gr60L7O

-- Dumped from database version 15.15
-- Dumped by pg_dump version 15.15

SET statement_timeout = 0;
SET lock_timeout = 0;
SET idle_in_transaction_session_timeout = 0;
SET client_encoding = 'UTF8';
SET standard_conforming_strings = on;
SELECT pg_catalog.set_config('search_path', '', false);
SET check_function_bodies = false;
SET xmloption = content;
SET client_min_messages = warning;
SET row_security = off;

SET default_tablespace = '';

SET default_table_access_method = heap;

--
-- Name: api_customuser; Type: TABLE; Schema: public; Owner: postgres
--

CREATE TABLE public.api_customuser (
    password character varying(128) NOT NULL,
    last_login timestamp with time zone,
    is_superuser boolean NOT NULL,
    id uuid NOT NULL,
    outlook character varying(254) NOT NULL,
    first_name character varying(100) NOT NULL,
    last_name character varying(100) NOT NULL,
    phone character varying(30),
    avatar_url text,
    is_active boolean NOT NULL,
    is_email_verified boolean NOT NULL,
    is_staff boolean NOT NULL,
    role_id bigint
);


ALTER TABLE public.api_customuser OWNER TO postgres;

--
-- Name: api_customuser_groups; Type: TABLE; Schema: public; Owner: postgres
--

CREATE TABLE public.api_customuser_groups (
    id bigint NOT NULL,
    customuser_id uuid NOT NULL,
    group_id integer NOT NULL
);


ALTER TABLE public.api_customuser_groups OWNER TO postgres;

--
-- Name: api_customuser_groups_id_seq; Type: SEQUENCE; Schema: public; Owner: postgres
--

ALTER TABLE public.api_customuser_groups ALTER COLUMN id ADD GENERATED BY DEFAULT AS IDENTITY (
    SEQUENCE NAME public.api_customuser_groups_id_seq
    START WITH 1
    INCREMENT BY 1
    NO MINVALUE
    NO MAXVALUE
    CACHE 1
);


--
-- Name: api_customuser_user_permissions; Type: TABLE; Schema: public; Owner: postgres
--

CREATE TABLE public.api_customuser_user_permissions (
    id bigint NOT NULL,
    customuser_id uuid NOT NULL,
    permission_id integer NOT NULL
);


ALTER TABLE public.api_customuser_user_permissions OWNER TO postgres;

--
-- Name: api_customuser_user_permissions_id_seq; Type: SEQUENCE; Schema: public; Owner: postgres
--

ALTER TABLE public.api_customuser_user_permissions ALTER COLUMN id ADD GENERATED BY DEFAULT AS IDENTITY (
    SEQUENCE NAME public.api_customuser_user_permissions_id_seq
    START WITH 1
    INCREMENT BY 1
    NO MINVALUE
    NO MAXVALUE
    CACHE 1
);


--
-- Name: api_role; Type: TABLE; Schema: public; Owner: postgres
--

CREATE TABLE public.api_role (
    id bigint NOT NULL,
    name character varying(50) NOT NULL
);


ALTER TABLE public.api_role OWNER TO postgres;

--
-- Name: api_role_id_seq; Type: SEQUENCE; Schema: public; Owner: postgres
--

ALTER TABLE public.api_role ALTER COLUMN id ADD GENERATED BY DEFAULT AS IDENTITY (
    SEQUENCE NAME public.api_role_id_seq
    START WITH 1
    INCREMENT BY 1
    NO MINVALUE
    NO MAXVALUE
    CACHE 1
);


--
-- Name: auth_group; Type: TABLE; Schema: public; Owner: postgres
--

CREATE TABLE public.auth_group (
    id integer NOT NULL,
    name character varying(150) NOT NULL
);


ALTER TABLE public.auth_group OWNER TO postgres;

--
-- Name: auth_group_id_seq; Type: SEQUENCE; Schema: public; Owner: postgres
--

ALTER TABLE public.auth_group ALTER COLUMN id ADD GENERATED BY DEFAULT AS IDENTITY (
    SEQUENCE NAME public.auth_group_id_seq
    START WITH 1
    INCREMENT BY 1
    NO MINVALUE
    NO MAXVALUE
    CACHE 1
);


--
-- Name: auth_group_permissions; Type: TABLE; Schema: public; Owner: postgres
--

CREATE TABLE public.auth_group_permissions (
    id bigint NOT NULL,
    group_id integer NOT NULL,
    permission_id integer NOT NULL
);


ALTER TABLE public.auth_group_permissions OWNER TO postgres;

--
-- Name: auth_group_permissions_id_seq; Type: SEQUENCE; Schema: public; Owner: postgres
--

ALTER TABLE public.auth_group_permissions ALTER COLUMN id ADD GENERATED BY DEFAULT AS IDENTITY (
    SEQUENCE NAME public.auth_group_permissions_id_seq
    START WITH 1
    INCREMENT BY 1
    NO MINVALUE
    NO MAXVALUE
    CACHE 1
);


--
-- Name: auth_permission; Type: TABLE; Schema: public; Owner: postgres
--

CREATE TABLE public.auth_permission (
    id integer NOT NULL,
    name character varying(255) NOT NULL,
    content_type_id integer NOT NULL,
    codename character varying(100) NOT NULL
);


ALTER TABLE public.auth_permission OWNER TO postgres;

--
-- Name: auth_permission_id_seq; Type: SEQUENCE; Schema: public; Owner: postgres
--

ALTER TABLE public.auth_permission ALTER COLUMN id ADD GENERATED BY DEFAULT AS IDENTITY (
    SEQUENCE NAME public.auth_permission_id_seq
    START WITH 1
    INCREMENT BY 1
    NO MINVALUE
    NO MAXVALUE
    CACHE 1
);


--
-- Name: clubmanager_clubmanager; Type: TABLE; Schema: public; Owner: postgres
--

CREATE TABLE public.clubmanager_clubmanager (
    id bigint NOT NULL,
    role character varying(50) NOT NULL,
    club_id bigint NOT NULL,
    user_id uuid NOT NULL
);


ALTER TABLE public.clubmanager_clubmanager OWNER TO postgres;

--
-- Name: clubmanager_clubmanager_id_seq; Type: SEQUENCE; Schema: public; Owner: postgres
--

ALTER TABLE public.clubmanager_clubmanager ALTER COLUMN id ADD GENERATED BY DEFAULT AS IDENTITY (
    SEQUENCE NAME public.clubmanager_clubmanager_id_seq
    START WITH 1
    INCREMENT BY 1
    NO MINVALUE
    NO MAXVALUE
    CACHE 1
);


--
-- Name: clubs_club; Type: TABLE; Schema: public; Owner: postgres
--

CREATE TABLE public.clubs_club (
    id bigint NOT NULL,
    name character varying(200) NOT NULL,
    name_kk character varying(200),
    name_ru character varying(200),
    name_en character varying(200),
    description text NOT NULL,
    description_kk text,
    description_ru text,
    description_en text,
    instagram_link character varying(200),
    telegram_link character varying(200),
    manager_id uuid
);


ALTER TABLE public.clubs_club OWNER TO postgres;

--
-- Name: clubs_club_id_seq; Type: SEQUENCE; Schema: public; Owner: postgres
--

ALTER TABLE public.clubs_club ALTER COLUMN id ADD GENERATED BY DEFAULT AS IDENTITY (
    SEQUENCE NAME public.clubs_club_id_seq
    START WITH 1
    INCREMENT BY 1
    NO MINVALUE
    NO MAXVALUE
    CACHE 1
);


--
-- Name: clubs_membership; Type: TABLE; Schema: public; Owner: postgres
--

CREATE TABLE public.clubs_membership (
    id bigint NOT NULL,
    status character varying(10) NOT NULL,
    requested_at timestamp with time zone NOT NULL,
    updated_at timestamp with time zone NOT NULL,
    club_id bigint NOT NULL,
    user_id uuid NOT NULL
);


ALTER TABLE public.clubs_membership OWNER TO postgres;

--
-- Name: clubs_membership_id_seq; Type: SEQUENCE; Schema: public; Owner: postgres
--

ALTER TABLE public.clubs_membership ALTER COLUMN id ADD GENERATED BY DEFAULT AS IDENTITY (
    SEQUENCE NAME public.clubs_membership_id_seq
    START WITH 1
    INCREMENT BY 1
    NO MINVALUE
    NO MAXVALUE
    CACHE 1
);


--
-- Name: django_admin_log; Type: TABLE; Schema: public; Owner: postgres
--

CREATE TABLE public.django_admin_log (
    id integer NOT NULL,
    action_time timestamp with time zone NOT NULL,
    object_id text,
    object_repr character varying(200) NOT NULL,
    action_flag smallint NOT NULL,
    change_message text NOT NULL,
    content_type_id integer,
    user_id uuid NOT NULL,
    CONSTRAINT django_admin_log_action_flag_check CHECK ((action_flag >= 0))
);


ALTER TABLE public.django_admin_log OWNER TO postgres;

--
-- Name: django_admin_log_id_seq; Type: SEQUENCE; Schema: public; Owner: postgres
--

ALTER TABLE public.django_admin_log ALTER COLUMN id ADD GENERATED BY DEFAULT AS IDENTITY (
    SEQUENCE NAME public.django_admin_log_id_seq
    START WITH 1
    INCREMENT BY 1
    NO MINVALUE
    NO MAXVALUE
    CACHE 1
);


--
-- Name: django_content_type; Type: TABLE; Schema: public; Owner: postgres
--

CREATE TABLE public.django_content_type (
    id integer NOT NULL,
    app_label character varying(100) NOT NULL,
    model character varying(100) NOT NULL
);


ALTER TABLE public.django_content_type OWNER TO postgres;

--
-- Name: django_content_type_id_seq; Type: SEQUENCE; Schema: public; Owner: postgres
--

ALTER TABLE public.django_content_type ALTER COLUMN id ADD GENERATED BY DEFAULT AS IDENTITY (
    SEQUENCE NAME public.django_content_type_id_seq
    START WITH 1
    INCREMENT BY 1
    NO MINVALUE
    NO MAXVALUE
    CACHE 1
);


--
-- Name: django_migrations; Type: TABLE; Schema: public; Owner: postgres
--

CREATE TABLE public.django_migrations (
    id bigint NOT NULL,
    app character varying(255) NOT NULL,
    name character varying(255) NOT NULL,
    applied timestamp with time zone NOT NULL
);


ALTER TABLE public.django_migrations OWNER TO postgres;

--
-- Name: django_migrations_id_seq; Type: SEQUENCE; Schema: public; Owner: postgres
--

ALTER TABLE public.django_migrations ALTER COLUMN id ADD GENERATED BY DEFAULT AS IDENTITY (
    SEQUENCE NAME public.django_migrations_id_seq
    START WITH 1
    INCREMENT BY 1
    NO MINVALUE
    NO MAXVALUE
    CACHE 1
);


--
-- Name: django_session; Type: TABLE; Schema: public; Owner: postgres
--

CREATE TABLE public.django_session (
    session_key character varying(40) NOT NULL,
    session_data text NOT NULL,
    expire_date timestamp with time zone NOT NULL
);


ALTER TABLE public.django_session OWNER TO postgres;

--
-- Name: events_event; Type: TABLE; Schema: public; Owner: postgres
--

CREATE TABLE public.events_event (
    id bigint NOT NULL,
    name character varying(200) NOT NULL,
    name_kk character varying(200),
    name_ru character varying(200),
    name_en character varying(200),
    description text NOT NULL,
    description_kk text,
    description_ru text,
    description_en text,
    location character varying(200) NOT NULL,
    location_kk character varying(200),
    location_ru character varying(200),
    location_en character varying(200),
    date timestamp with time zone NOT NULL,
    price numeric(10,2),
    category character varying(50) NOT NULL,
    is_free boolean NOT NULL,
    media_urls jsonb NOT NULL,
    tickets_available integer NOT NULL,
    created_at timestamp with time zone NOT NULL,
    club_id bigint,
    CONSTRAINT events_event_tickets_available_check CHECK ((tickets_available >= 0))
);


ALTER TABLE public.events_event OWNER TO postgres;

--
-- Name: events_event_id_seq; Type: SEQUENCE; Schema: public; Owner: postgres
--

ALTER TABLE public.events_event ALTER COLUMN id ADD GENERATED BY DEFAULT AS IDENTITY (
    SEQUENCE NAME public.events_event_id_seq
    START WITH 1
    INCREMENT BY 1
    NO MINVALUE
    NO MAXVALUE
    CACHE 1
);


--
-- Name: news_news; Type: TABLE; Schema: public; Owner: postgres
--

CREATE TABLE public.news_news (
    id bigint NOT NULL,
    title character varying(255) NOT NULL,
    title_kk character varying(255),
    title_ru character varying(255),
    title_en character varying(255),
    content text NOT NULL,
    content_kk text,
    content_ru text,
    content_en text,
    media_url character varying(200),
    created_at timestamp with time zone NOT NULL
);


ALTER TABLE public.news_news OWNER TO postgres;

--
-- Name: news_news_id_seq; Type: SEQUENCE; Schema: public; Owner: postgres
--

ALTER TABLE public.news_news ALTER COLUMN id ADD GENERATED BY DEFAULT AS IDENTITY (
    SEQUENCE NAME public.news_news_id_seq
    START WITH 1
    INCREMENT BY 1
    NO MINVALUE
    NO MAXVALUE
    CACHE 1
);


--
-- Name: reviews_review; Type: TABLE; Schema: public; Owner: postgres
--

CREATE TABLE public.reviews_review (
    id bigint NOT NULL,
    rating smallint NOT NULL,
    created_at timestamp with time zone NOT NULL,
    event_id bigint NOT NULL,
    user_id uuid NOT NULL,
    text text NOT NULL,
    updated_at timestamp with time zone NOT NULL,
    CONSTRAINT reviews_review_rating_a275f9c5_check CHECK ((rating >= 0))
);


ALTER TABLE public.reviews_review OWNER TO postgres;

--
-- Name: reviews_review_id_seq; Type: SEQUENCE; Schema: public; Owner: postgres
--

ALTER TABLE public.reviews_review ALTER COLUMN id ADD GENERATED BY DEFAULT AS IDENTITY (
    SEQUENCE NAME public.reviews_review_id_seq
    START WITH 1
    INCREMENT BY 1
    NO MINVALUE
    NO MAXVALUE
    CACHE 1
);


--
-- Name: tickets_ticket; Type: TABLE; Schema: public; Owner: postgres
--

CREATE TABLE public.tickets_ticket (
    id bigint NOT NULL,
    qrcode uuid NOT NULL,
    used boolean NOT NULL,
    created_at timestamp with time zone NOT NULL,
    event_id bigint NOT NULL,
    user_id uuid NOT NULL,
    notes text NOT NULL,
    payment_status character varying(20) NOT NULL,
    used_at timestamp with time zone
);


ALTER TABLE public.tickets_ticket OWNER TO postgres;

--
-- Name: tickets_ticket_id_seq; Type: SEQUENCE; Schema: public; Owner: postgres
--

ALTER TABLE public.tickets_ticket ALTER COLUMN id ADD GENERATED BY DEFAULT AS IDENTITY (
    SEQUENCE NAME public.tickets_ticket_id_seq
    START WITH 1
    INCREMENT BY 1
    NO MINVALUE
    NO MAXVALUE
    CACHE 1
);


--
-- Data for Name: api_customuser; Type: TABLE DATA; Schema: public; Owner: postgres
--

COPY public.api_customuser (password, last_login, is_superuser, id, outlook, first_name, last_name, phone, avatar_url, is_active, is_email_verified, is_staff, role_id) FROM stdin;
pbkdf2_sha256$1000000$tXprp9aQXNtIFiGcyt9uuN$gyGIT4RFvI+m3PE+SxL/jP+SS/YGHZl25ut0cBwhzXs=	\N	f	a0c40a97-e7ca-4a3a-89d6-52e9f6a1774f	nazerke@example.com	nazerke	nazerke	87023423043	\N	t	f	f	\N
pbkdf2_sha256$1000000$uOKHtZKDtSrFsTF97JjiU9$sUUme4pqmJexBSCiehk4H7l9BUL7lWJQwVl88WpHark=	2025-12-15 10:15:49.962735+00	f	d1567ee6-72db-44fa-aa82-6925f775b601	y_yessenuly@kbtu.kz	Yerlan	Yessenuly	87777777777	\N	t	f	f	\N
pbkdf2_sha256$1000000$4dQIz6XkXcYQIlDgifJMoK$SEHCZC8ivDaxwbRaO0sJYjMGttLOn9u8FTJbmciuxvA=	2025-12-16 11:21:27.801184+00	t	214b4d3e-2c4c-40b3-8359-ff62e3ee4e3d	n_zheken@kbtu.kz	Nazerke	Zheken	\N	\N	t	f	t	\N
\.


--
-- Data for Name: api_customuser_groups; Type: TABLE DATA; Schema: public; Owner: postgres
--

COPY public.api_customuser_groups (id, customuser_id, group_id) FROM stdin;
\.


--
-- Data for Name: api_customuser_user_permissions; Type: TABLE DATA; Schema: public; Owner: postgres
--

COPY public.api_customuser_user_permissions (id, customuser_id, permission_id) FROM stdin;
\.


--
-- Data for Name: api_role; Type: TABLE DATA; Schema: public; Owner: postgres
--

COPY public.api_role (id, name) FROM stdin;
\.


--
-- Data for Name: auth_group; Type: TABLE DATA; Schema: public; Owner: postgres
--

COPY public.auth_group (id, name) FROM stdin;
1	admin
\.


--
-- Data for Name: auth_group_permissions; Type: TABLE DATA; Schema: public; Owner: postgres
--

COPY public.auth_group_permissions (id, group_id, permission_id) FROM stdin;
1	1	1
2	1	2
3	1	3
4	1	4
5	1	5
6	1	6
7	1	7
8	1	8
9	1	9
10	1	10
11	1	11
12	1	12
13	1	13
14	1	14
15	1	15
16	1	16
17	1	17
18	1	18
19	1	19
20	1	20
21	1	21
22	1	22
23	1	23
24	1	24
25	1	25
26	1	26
27	1	27
28	1	28
29	1	29
30	1	30
31	1	31
32	1	32
33	1	33
34	1	34
35	1	35
36	1	36
37	1	37
38	1	38
39	1	39
40	1	40
41	1	41
42	1	42
43	1	43
44	1	44
45	1	45
46	1	46
47	1	47
48	1	48
\.


--
-- Data for Name: auth_permission; Type: TABLE DATA; Schema: public; Owner: postgres
--

COPY public.auth_permission (id, name, content_type_id, codename) FROM stdin;
1	Can add log entry	1	add_logentry
2	Can change log entry	1	change_logentry
3	Can delete log entry	1	delete_logentry
4	Can view log entry	1	view_logentry
5	Can add permission	2	add_permission
6	Can change permission	2	change_permission
7	Can delete permission	2	delete_permission
8	Can view permission	2	view_permission
9	Can add group	3	add_group
10	Can change group	3	change_group
11	Can delete group	3	delete_group
12	Can view group	3	view_group
13	Can add content type	4	add_contenttype
14	Can change content type	4	change_contenttype
15	Can delete content type	4	delete_contenttype
16	Can view content type	4	view_contenttype
17	Can add session	5	add_session
18	Can change session	5	change_session
19	Can delete session	5	delete_session
20	Can view session	5	view_session
21	Can add role	6	add_role
22	Can change role	6	change_role
23	Can delete role	6	delete_role
24	Can view role	6	view_role
25	Can add custom user	7	add_customuser
26	Can change custom user	7	change_customuser
27	Can delete custom user	7	delete_customuser
28	Can view custom user	7	view_customuser
29	Can add news	8	add_news
30	Can change news	8	change_news
31	Can delete news	8	delete_news
32	Can view news	8	view_news
33	Can add club	9	add_club
34	Can change club	9	change_club
35	Can delete club	9	delete_club
36	Can view club	9	view_club
37	Can add event	10	add_event
38	Can change event	10	change_event
39	Can delete event	10	delete_event
40	Can view event	10	view_event
41	Can add ticket	11	add_ticket
42	Can change ticket	11	change_ticket
43	Can delete ticket	11	delete_ticket
44	Can view ticket	11	view_ticket
45	Can add review	12	add_review
46	Can change review	12	change_review
47	Can delete review	12	delete_review
48	Can view review	12	view_review
49	Can add membership	13	add_membership
50	Can change membership	13	change_membership
51	Can delete membership	13	delete_membership
52	Can view membership	13	view_membership
53	Can add club manager	14	add_clubmanager
54	Can change club manager	14	change_clubmanager
55	Can delete club manager	14	delete_clubmanager
56	Can view club manager	14	view_clubmanager
\.


--
-- Data for Name: clubmanager_clubmanager; Type: TABLE DATA; Schema: public; Owner: postgres
--

COPY public.clubmanager_clubmanager (id, role, club_id, user_id) FROM stdin;
\.


--
-- Data for Name: clubs_club; Type: TABLE DATA; Schema: public; Owner: postgres
--

COPY public.clubs_club (id, name, name_kk, name_ru, name_en, description, description_kk, description_ru, description_en, instagram_link, telegram_link, manager_id) FROM stdin;
1	Faces	Faces	Faces	Faces	Faces KBTU is a student conglomerate focused on sparking interest in campus life and making it brighter and more engaging. Nothing lasts forever — except FACES.	Faces KBTU — студенттердің университеттегі ішкі өмірге деген қызығушылығын арттырып, оны бұрынғыдан да жарқын етуді мақсат ететін конгломерат. Ештеңе мәңгі емес, FACES мәңгі!	Faces KBTU — студенческий конгломерат, цель которого — развивать интерес студентов к внутренней жизни университета и делать её ярче. Ничто не вечно, FACES вечен!	Faces KBTU is a student conglomerate focused on sparking interest in campus life and making it brighter and more engaging. Nothing lasts forever — except FACES.	https://www.instagram.com/faces_kbtu/	\N	214b4d3e-2c4c-40b3-8359-ff62e3ee4e3d
2	Big City Lights	Big City Lights	Big City Lights	Big City Lights	Big City Lights is a club that ignites passion in students’ hearts. Its mission is to enrich the cultural life of KBTU students, build an elite community, and enhance youth social and political engagement	Big City Lights — студенттердің жүрегіне от жағатын клуб. Мақсаты — КБТУ студенттерінің мәдени деңгейін көтеру, элитарлық қоғам құру және жастардың әлеуметтік-саяси белсенділігін арттыру.	Big City Lights — клуб, который зажигает огонь в сердцах студентов. Его цель — развивать культурный уровень студентов КБТУ, формировать элитарное сообщество и повышать социальную и политическую активность молодёжи.	Big City Lights is a club that ignites passion in students’ hearts. Its mission is to enrich the cultural life of KBTU students, build an elite community, and enhance youth social and political engagement	https://www.instagram.com/bigcitylightskbtu/	\N	214b4d3e-2c4c-40b3-8359-ff62e3ee4e3d
3	KBTU Moments	KBTU Moments	KBTU Moments	KBTU Moments	KBTU Moments is a photography club capturing the most genuine and vibrant moments of university life. Say cheese — we’re already taking the shot!	KBTU Moments — университет өмірінің ең шынайы әрі жарқын сәттерін түсіретін фотоклуб. Say cheese — біз кадр түсіріп жатырмыз!	KBTU Moments — фотоклуб, который ловит самые живые и искренние моменты жизни университета. Say cheese — мы уже делаем кадр!	KBTU Moments is a photography club capturing the most genuine and vibrant moments of university life. Say cheese — we’re already taking the shot!	https://www.instagram.com/kbtu_moments/	\N	214b4d3e-2c4c-40b3-8359-ff62e3ee4e3d
4	KBTU GDG	KBTU GDG	KBTU GDG	KBTU GDG	KBTU GDG is a student community for those interested in Google technologies and modern software development. A place to learn, grow, and build projects.	KBTU GDG — Google технологиялары мен заманауи IT саласына қызығатын студенттерге арналған қауымдастық. Мұнда даму, оқу және жобалар жасау мүмкіндігі бар.	KBTU GDG — студенческое сообщество для тех, кто интересуется технологиями Google и современным IT. Место для роста, обучения и создания проектов.	KBTU GDG is a student community for those interested in Google technologies and modern software development. A place to learn, grow, and build projects.	https://www.instagram.com/kbtu_gdg/	\N	214b4d3e-2c4c-40b3-8359-ff62e3ee4e3d
5	Enactus KBTU	Enactus KBTU	Enactus KBTU	Enactus KBTU	Enactus KBTU is a student team developing IT products that improve people’s lives. We combine technology, entrepreneurship, and real social impact.	Enactus KBTU — адамдардың өмірін жақсартатын IT жобаларын жасайтын студенттер тобы. Біз технологияны, кәсіпкерлікті және әлеуметтік әсерді біріктіреміз.	Enactus KBTU — команда студентов, создающая IT-проекты, которые делают жизнь людей лучше. Мы соединяем технологии, предпринимательство и социальный эффект.	Enactus KBTU is a student team developing IT products that improve people’s lives. We combine technology, entrepreneurship, and real social impact.	https://www.instagram.com/kbtu_enaction/	\N	214b4d3e-2c4c-40b3-8359-ff62e3ee4e3d
6	Student Government of KBTU	ҚБТУ Студенттік Өкілеттігі	Студенческое Правление КБТУ	Student Government of KBTU	The KBTU Student Government is the organization that represents student interests and fosters a space for growth, initiatives, and collaboration. We organize events, support student-led projects, and strive to make campus life engaging, comfortable, and inspiring.	ҚБТУ Студенттік Өкілеттігі — студенттердің мүдделерін қорғайтын және олардың бастамаларын қолдайтын ұйым. Біз түрлі іс-шаралар ұйымдастырып, жобаларды дамытуға көмектесеміз және университеттегі өмірді жайлы әрі белсенді етуге жұмыс істейміз.	Студенческое Правление КБТУ — это орган, представляющий интересы студентов и создающий пространство для инициатив, развития и сотрудничества. Мы организуем мероприятия, поддерживаем студенческие проекты и работаем над тем, чтобы сделать университетскую жизнь комфортной, активной и яркой.	The KBTU Student Government is the organization that represents student interests and fosters a space for growth, initiatives, and collaboration. We organize events, support student-led projects, and strive to make campus life engaging, comfortable, and inspiring.	https://www.instagram.com/kbtu_gov/	\N	214b4d3e-2c4c-40b3-8359-ff62e3ee4e3d
\.


--
-- Data for Name: clubs_membership; Type: TABLE DATA; Schema: public; Owner: postgres
--

COPY public.clubs_membership (id, status, requested_at, updated_at, club_id, user_id) FROM stdin;
1	pending	2025-12-15 10:03:35.064442+00	2025-12-15 10:03:35.06446+00	1	214b4d3e-2c4c-40b3-8359-ff62e3ee4e3d
2	pending	2025-12-15 10:03:57.925708+00	2025-12-15 10:03:57.925718+00	2	214b4d3e-2c4c-40b3-8359-ff62e3ee4e3d
3	pending	2025-12-15 10:04:16.778705+00	2025-12-15 10:04:16.778723+00	5	214b4d3e-2c4c-40b3-8359-ff62e3ee4e3d
4	accepted	2025-12-15 10:07:03.947409+00	2025-12-15 10:08:58.523043+00	2	d1567ee6-72db-44fa-aa82-6925f775b601
\.


--
-- Data for Name: django_admin_log; Type: TABLE DATA; Schema: public; Owner: postgres
--

COPY public.django_admin_log (id, action_time, object_id, object_repr, action_flag, change_message, content_type_id, user_id) FROM stdin;
1	2025-12-09 18:18:36.487733+00	1	admin	1	[{"added": {}}]	3	214b4d3e-2c4c-40b3-8359-ff62e3ee4e3d
2	2025-12-10 06:21:52.744372+00	1	Faces	1	[{"added": {}}]	9	214b4d3e-2c4c-40b3-8359-ff62e3ee4e3d
3	2025-12-10 06:22:50.609702+00	2	Big City Lights	1	[{"added": {}}]	9	214b4d3e-2c4c-40b3-8359-ff62e3ee4e3d
4	2025-12-10 06:24:01.791309+00	3	KBTU Moments	1	[{"added": {}}]	9	214b4d3e-2c4c-40b3-8359-ff62e3ee4e3d
5	2025-12-10 06:24:55.169304+00	3	KBTU Moments	2	[{"changed": {"fields": ["Instagram link"]}}]	9	214b4d3e-2c4c-40b3-8359-ff62e3ee4e3d
6	2025-12-10 06:25:58.2119+00	4	KBTU GDG	1	[{"added": {}}]	9	214b4d3e-2c4c-40b3-8359-ff62e3ee4e3d
7	2025-12-10 06:26:52.354819+00	5	Enactus KBTU	1	[{"added": {}}]	9	214b4d3e-2c4c-40b3-8359-ff62e3ee4e3d
8	2025-12-10 07:34:00.071537+00	6	Student Government of KBTU	1	[{"added": {}}]	9	214b4d3e-2c4c-40b3-8359-ff62e3ee4e3d
9	2025-12-10 07:38:43.135162+00	1	Muertos Night	1	[{"added": {}}]	10	214b4d3e-2c4c-40b3-8359-ff62e3ee4e3d
10	2025-12-10 08:06:01.787543+00	2	Google Gemini AI Workshop: Build Your First Web App	1	[{"added": {}}]	10	214b4d3e-2c4c-40b3-8359-ff62e3ee4e3d
11	2025-12-10 08:09:45.821927+00	3	Vibe-Coding Blitz Hackathon @ GDG on Campus	1	[{"added": {}}]	10	214b4d3e-2c4c-40b3-8359-ff62e3ee4e3d
12	2025-12-10 08:09:58.101926+00	3	Vibe-Coding Blitz Hackathon @ GDG on Campus	2	[{"changed": {"fields": ["Tickets available"]}}]	10	214b4d3e-2c4c-40b3-8359-ff62e3ee4e3d
13	2025-12-10 08:16:39.741855+00	4	Guest Lecture by Azaliya Turgunova (Marketing)	1	[{"added": {}}]	10	214b4d3e-2c4c-40b3-8359-ff62e3ee4e3d
14	2025-12-10 08:23:26.087463+00	5	IT FEST Robo Competition	1	[{"added": {}}]	10	214b4d3e-2c4c-40b3-8359-ff62e3ee4e3d
15	2025-12-10 08:49:49.411703+00	6	LeetCode Workshop Series 💻🚀	1	[{"added": {}}]	10	214b4d3e-2c4c-40b3-8359-ff62e3ee4e3d
16	2025-12-10 10:33:38.638745+00	1	Congratulations to the finalists of the IT FEST robo Competition!🏆	1	[{"added": {}}]	8	214b4d3e-2c4c-40b3-8359-ff62e3ee4e3d
17	2025-12-10 10:35:58.402999+00	2	KBTU at a meeting with rectors of higher educational institutions	1	[{"added": {}}]	8	214b4d3e-2c4c-40b3-8359-ff62e3ee4e3d
18	2025-12-10 10:39:16.79292+00	3	KBTU participated in the work of EMSA on the formation of seafarers' competencies for ships using alternative fuels	1	[{"added": {}}]	8	214b4d3e-2c4c-40b3-8359-ff62e3ee4e3d
19	2025-12-10 10:46:38.142537+00	4	Проект KOZ AI КБТУ-победитель в номинации AI-Sana Leaders!	1	[{"added": {}}]	8	214b4d3e-2c4c-40b3-8359-ff62e3ee4e3d
20	2025-12-10 10:50:13.037326+00	5	AVC Charitable Foundation Announces Scholarship Recipients for the 2025–2026 Academic Year	1	[{"added": {}}]	8	214b4d3e-2c4c-40b3-8359-ff62e3ee4e3d
21	2025-12-10 10:52:32.712738+00	1	Review object (1)	1	[{"added": {}}]	12	214b4d3e-2c4c-40b3-8359-ff62e3ee4e3d
22	2025-12-10 10:55:49.293618+00	2	Review object (2)	1	[{"added": {}}]	12	214b4d3e-2c4c-40b3-8359-ff62e3ee4e3d
23	2025-12-10 10:57:58.333482+00	1	Ticket object (1)	1	[{"added": {}}]	11	214b4d3e-2c4c-40b3-8359-ff62e3ee4e3d
24	2025-12-10 11:44:00.812171+00	5	AVC Charitable Foundation Announces Scholarship Recipients for the 2025–2026 Academic Year	2	[]	8	214b4d3e-2c4c-40b3-8359-ff62e3ee4e3d
25	2025-12-10 17:45:27.085254+00	1	Congratulations to the finalists of the IT FEST robo Competition!🏆	1	[{"added": {}}]	8	214b4d3e-2c4c-40b3-8359-ff62e3ee4e3d
26	2025-12-10 17:46:02.26888+00	2	KBTU at a Meeting with University Rectors	1	[{"added": {}}]	8	214b4d3e-2c4c-40b3-8359-ff62e3ee4e3d
27	2025-12-10 17:46:36.655869+00	3	KBTU Participates in EMSA on Alternative Fuels for Ships	1	[{"added": {}}]	8	214b4d3e-2c4c-40b3-8359-ff62e3ee4e3d
28	2025-12-10 17:48:06.62142+00	4	KBTU’s KOZ AI Project – Winner of the AI-Sana Leaders Nomination!	1	[{"added": {}}]	8	214b4d3e-2c4c-40b3-8359-ff62e3ee4e3d
29	2025-12-10 17:48:56.574174+00	5	AVC Charitable Foundation Announces Scholarship Recipients for the 2025–2026 Academic Year	1	[{"added": {}}]	8	214b4d3e-2c4c-40b3-8359-ff62e3ee4e3d
30	2025-12-10 17:49:38.445742+00	1	Google Gemini AI Workshop: Build Your First Web App — 5/5	1	[{"added": {}}]	12	214b4d3e-2c4c-40b3-8359-ff62e3ee4e3d
31	2025-12-10 17:49:59.537977+00	2	LeetCode Workshop Series 💻🚀 — 5/5	1	[{"added": {}}]	12	214b4d3e-2c4c-40b3-8359-ff62e3ee4e3d
32	2025-12-11 06:56:01.67713+00	7	Ticket object (7)	1	[{"added": {}}]	11	214b4d3e-2c4c-40b3-8359-ff62e3ee4e3d
33	2025-12-11 06:56:30.740196+00	8	Ticket object (8)	1	[{"added": {}}]	11	214b4d3e-2c4c-40b3-8359-ff62e3ee4e3d
34	2025-12-11 07:01:19.586887+00	9	Ticket object (9)	1	[{"added": {}}]	11	214b4d3e-2c4c-40b3-8359-ff62e3ee4e3d
35	2025-12-11 07:01:25.223809+00	10	Ticket object (10)	1	[{"added": {}}]	11	214b4d3e-2c4c-40b3-8359-ff62e3ee4e3d
36	2025-12-11 07:05:20.329433+00	11	Ticket object (11)	1	[{"added": {}}]	11	214b4d3e-2c4c-40b3-8359-ff62e3ee4e3d
37	2025-12-11 07:05:38.466683+00	12	Ticket object (12)	1	[{"added": {}}]	11	214b4d3e-2c4c-40b3-8359-ff62e3ee4e3d
38	2025-12-11 07:06:37.008284+00	13	Ticket object (13)	1	[{"added": {}}]	11	214b4d3e-2c4c-40b3-8359-ff62e3ee4e3d
39	2025-12-11 07:07:20.926197+00	14	Ticket object (14)	1	[{"added": {}}]	11	214b4d3e-2c4c-40b3-8359-ff62e3ee4e3d
40	2025-12-11 07:23:47.998004+00	15	Ticket object (15)	1	[{"added": {}}]	11	214b4d3e-2c4c-40b3-8359-ff62e3ee4e3d
41	2025-12-11 07:24:04.485301+00	16	Ticket object (16)	1	[{"added": {}}]	11	214b4d3e-2c4c-40b3-8359-ff62e3ee4e3d
42	2025-12-11 07:27:26.495472+00	17	Ticket object (17)	1	[{"added": {}}]	11	214b4d3e-2c4c-40b3-8359-ff62e3ee4e3d
43	2025-12-12 09:25:22.82686+00	29	Ticket object (29)	1	[{"added": {}}]	11	214b4d3e-2c4c-40b3-8359-ff62e3ee4e3d
44	2025-12-12 12:02:02.301509+00	36	Ticket 36 - n_zheken@kbtu.kz - LeetCode Workshop Series 💻🚀	2	[]	11	214b4d3e-2c4c-40b3-8359-ff62e3ee4e3d
45	2025-12-12 12:02:16.742035+00	36	Ticket 36 - n_zheken@kbtu.kz - LeetCode Workshop Series 💻🚀	2	[{"changed": {"fields": ["Payment status"]}}]	11	214b4d3e-2c4c-40b3-8359-ff62e3ee4e3d
46	2025-12-14 14:51:08.532338+00	7	Test	1	[{"added": {}}]	10	214b4d3e-2c4c-40b3-8359-ff62e3ee4e3d
47	2025-12-14 14:51:31.326373+00	37	Ticket 37 - n_zheken@kbtu.kz - Test	1	[{"added": {}}]	11	214b4d3e-2c4c-40b3-8359-ff62e3ee4e3d
48	2025-12-15 09:50:02.526237+00	6	test	1	[{"added": {}}]	8	214b4d3e-2c4c-40b3-8359-ff62e3ee4e3d
49	2025-12-15 09:54:32.968394+00	6	test	2	[{"changed": {"fields": ["Media url"]}}]	8	214b4d3e-2c4c-40b3-8359-ff62e3ee4e3d
50	2025-12-15 09:58:04.216994+00	6	test	3		8	214b4d3e-2c4c-40b3-8359-ff62e3ee4e3d
51	2025-12-15 09:58:11.651499+00	5	AVC Charitable Foundation Announces Scholarship Recipients for the 2025–2026 Academic Year	2	[{"changed": {"fields": ["Media url"]}}]	8	214b4d3e-2c4c-40b3-8359-ff62e3ee4e3d
52	2025-12-15 09:59:25.889335+00	5	AVC Charitable Foundation Announces Scholarship Recipients for the 2025–2026 Academic Year	2	[{"changed": {"fields": ["Media url"]}}]	8	214b4d3e-2c4c-40b3-8359-ff62e3ee4e3d
53	2025-12-15 10:12:57.872124+00	4	KBTU’s KOZ AI Project – Winner of the AI-Sana Leaders Nomination!	2	[{"changed": {"fields": ["Media url"]}}]	8	214b4d3e-2c4c-40b3-8359-ff62e3ee4e3d
54	2025-12-15 10:13:59.88969+00	3	KBTU Participates in EMSA on Alternative Fuels for Ships	2	[{"changed": {"fields": ["Media url"]}}]	8	214b4d3e-2c4c-40b3-8359-ff62e3ee4e3d
55	2025-12-15 10:14:47.721716+00	2	KBTU at a Meeting with University Rectors	2	[{"changed": {"fields": ["Media url"]}}]	8	214b4d3e-2c4c-40b3-8359-ff62e3ee4e3d
56	2025-12-15 10:15:25.543427+00	1	Congratulations to the finalists of the IT FEST robo Competition!🏆	2	[{"changed": {"fields": ["Media url"]}}]	8	214b4d3e-2c4c-40b3-8359-ff62e3ee4e3d
57	2025-12-15 11:00:59.028589+00	6	LeetCode Workshop Series 💻🚀	2	[{"changed": {"fields": ["Media urls"]}}]	10	214b4d3e-2c4c-40b3-8359-ff62e3ee4e3d
58	2025-12-15 11:01:44.116694+00	5	IT FEST Robo Competition	2	[{"changed": {"fields": ["Media urls"]}}]	10	214b4d3e-2c4c-40b3-8359-ff62e3ee4e3d
59	2025-12-15 11:03:08.21924+00	4	Guest Lecture by Azaliya Turgunova (Marketing)	2	[{"changed": {"fields": ["Media urls"]}}]	10	214b4d3e-2c4c-40b3-8359-ff62e3ee4e3d
60	2025-12-15 11:03:39.660726+00	3	Vibe-Coding Blitz Hackathon @ GDG on Campus	2	[{"changed": {"fields": ["Media urls"]}}]	10	214b4d3e-2c4c-40b3-8359-ff62e3ee4e3d
61	2025-12-15 11:07:06.165002+00	1	Muertos Night	2	[{"changed": {"fields": ["Media urls"]}}]	10	214b4d3e-2c4c-40b3-8359-ff62e3ee4e3d
62	2025-12-15 11:07:50.238749+00	6	LeetCode Workshop Series 💻🚀	2	[{"changed": {"fields": ["Media urls"]}}]	10	214b4d3e-2c4c-40b3-8359-ff62e3ee4e3d
63	2025-12-15 20:37:36.178439+00	2	Google Gemini AI Workshop: Build Your First Web App	2	[{"changed": {"fields": ["Media urls"]}}]	10	214b4d3e-2c4c-40b3-8359-ff62e3ee4e3d
64	2025-12-16 10:24:58.138325+00	7	Test	3		10	214b4d3e-2c4c-40b3-8359-ff62e3ee4e3d
65	2025-12-16 10:25:14.425823+00	4	Гостевая лекция: «Маркетинг, который не бесит» от Азалии Тургуновой	2	[{"changed": {"fields": ["Date"]}}]	10	214b4d3e-2c4c-40b3-8359-ff62e3ee4e3d
66	2025-12-16 10:25:59.315513+00	1	Muertos Night	2	[{"changed": {"fields": ["Description", "Description [kk]", "Description [ru]", "Date"]}}]	10	214b4d3e-2c4c-40b3-8359-ff62e3ee4e3d
67	2025-12-16 10:26:18.108309+00	2	Google Gemini AI Workshop: Создай своё первое веб-приложение	2	[{"changed": {"fields": ["Date"]}}]	10	214b4d3e-2c4c-40b3-8359-ff62e3ee4e3d
68	2025-12-16 10:26:29.082904+00	4	Гостевая лекция: «Маркетинг, который не бесит» от Азалии Тургуновой	2	[{"changed": {"fields": ["Date"]}}]	10	214b4d3e-2c4c-40b3-8359-ff62e3ee4e3d
69	2025-12-16 10:26:42.681428+00	3	Vibe-Coding Blitz Хакатон @ GDG on Campus	2	[{"changed": {"fields": ["Date"]}}]	10	214b4d3e-2c4c-40b3-8359-ff62e3ee4e3d
70	2025-12-16 10:26:56.375988+00	5	IT FEST Robo Competition	2	[{"changed": {"fields": ["Date"]}}]	10	214b4d3e-2c4c-40b3-8359-ff62e3ee4e3d
71	2025-12-16 10:27:05.128346+00	3	Vibe-Coding Blitz Хакатон @ GDG on Campus	2	[{"changed": {"fields": ["Date"]}}]	10	214b4d3e-2c4c-40b3-8359-ff62e3ee4e3d
72	2025-12-16 10:27:53.974313+00	3	Vibe-Coding Blitz Хакатон @ GDG on Campus	2	[{"changed": {"fields": ["Date"]}}]	10	214b4d3e-2c4c-40b3-8359-ff62e3ee4e3d
73	2025-12-16 10:28:02.105453+00	4	Гостевая лекция: «Маркетинг, который не бесит» от Азалии Тургуновой	2	[{"changed": {"fields": ["Date"]}}]	10	214b4d3e-2c4c-40b3-8359-ff62e3ee4e3d
\.


--
-- Data for Name: django_content_type; Type: TABLE DATA; Schema: public; Owner: postgres
--

COPY public.django_content_type (id, app_label, model) FROM stdin;
1	admin	logentry
2	auth	permission
3	auth	group
4	contenttypes	contenttype
5	sessions	session
6	api	role
7	api	customuser
8	news	news
9	clubs	club
10	events	event
11	tickets	ticket
12	reviews	review
13	clubs	membership
14	clubmanager	clubmanager
\.


--
-- Data for Name: django_migrations; Type: TABLE DATA; Schema: public; Owner: postgres
--

COPY public.django_migrations (id, app, name, applied) FROM stdin;
1	contenttypes	0001_initial	2025-12-09 16:51:47.630401+00
2	contenttypes	0002_remove_content_type_name	2025-12-09 16:51:47.634875+00
3	auth	0001_initial	2025-12-09 16:51:47.653423+00
4	auth	0002_alter_permission_name_max_length	2025-12-09 16:51:47.655355+00
5	auth	0003_alter_user_email_max_length	2025-12-09 16:51:47.656971+00
6	auth	0004_alter_user_username_opts	2025-12-09 16:51:47.658519+00
7	auth	0005_alter_user_last_login_null	2025-12-09 16:51:47.659881+00
8	auth	0006_require_contenttypes_0002	2025-12-09 16:51:47.660278+00
9	auth	0007_alter_validators_add_error_messages	2025-12-09 16:51:47.661737+00
10	auth	0008_alter_user_username_max_length	2025-12-09 16:51:47.66313+00
11	auth	0009_alter_user_last_name_max_length	2025-12-09 16:51:47.664505+00
12	auth	0010_alter_group_name_max_length	2025-12-09 16:51:47.66637+00
13	auth	0011_update_proxy_permissions	2025-12-09 16:51:47.66786+00
14	auth	0012_alter_user_first_name_max_length	2025-12-09 16:51:47.669428+00
15	api	0001_initial	2025-12-09 16:51:47.686053+00
16	admin	0001_initial	2025-12-09 16:51:47.69315+00
17	admin	0002_logentry_remove_auto_add	2025-12-09 16:51:47.695311+00
18	admin	0003_logentry_add_action_flag_choices	2025-12-09 16:51:47.697305+00
19	sessions	0001_initial	2025-12-09 16:51:47.701504+00
20	clubs	0001_initial	2025-12-09 17:52:28.914657+00
21	events	0001_initial	2025-12-09 17:52:28.921252+00
24	tickets	0001_initial	2025-12-09 17:52:28.9414+00
25	events	0002_alter_event_category	2025-12-10 11:28:26.527917+00
26	clubs	0002_membership_club_members	2025-12-10 16:20:08.570019+00
33	news	0001_initial	2025-12-10 17:23:34.081294+00
34	news	0002_alter_news_options_alter_news_title_and_more	2025-12-10 17:23:34.084966+00
35	reviews	0001_initial	2025-12-10 17:25:23.677928+00
36	reviews	0002_alter_review_options_remove_review_comment_and_more	2025-12-10 17:25:55.836269+00
37	tickets	0002_alter_ticket_options_remove_ticket_paid_ticket_notes_and_more	2025-12-12 11:53:49.555924+00
38	clubs	0003_alter_club_manager	2025-12-13 06:00:16.412352+00
39	clubmanager	0001_initial	2025-12-13 06:00:16.432398+00
40	clubmanager	0002_alter_clubmanager_club_alter_clubmanager_user	2025-12-13 06:00:16.439557+00
\.


--
-- Data for Name: django_session; Type: TABLE DATA; Schema: public; Owner: postgres
--

COPY public.django_session (session_key, session_data, expire_date) FROM stdin;
c6sfcnmrtz07otjw1browcq92kfbreti	.eJxVjDsOwjAMQO-SmUT5OA1hZOcMlWM7tIBaqZ8JcXdaqQPM7_NWLa5L166zTG3P6qK8gwIcRHsC0mBL0OcQs6618RJEQAKr029WkJ4y7C0_cLiPhsZhmfpidsUcdDa3keV1Pdy_QYdzt9XbG4WgqRFjwgg5e65M4BJDrhLF2ZTEVhFMVGwmWzF5a0GKeFdBfb436EJh:1vUUnd:T4cXO1ki4T4HatOy1WcMxcf42I1JO6wJwDkhYYENhNc	2025-12-27 18:57:01.721371+00
b9xu9m93vv6kkw1mp61hrxuyu55ei51q	.eJxVjDsOwjAMQO-SmUT5OA1hZOcMlWM7tIBaqZ8JcXdaqQPM7_NWLa5L166zTG3P6qK8gwIcRHsC0mBL0OcQs6618RJEQAKr029WkJ4y7C0_cLiPhsZhmfpidsUcdDa3keV1Pdy_QYdzt9XbG4WgqRFjwgg5e65M4BJDrhLF2ZTEVhFMVGwmWzF5a0GKeFdBfb436EJh:1vUj7M:Cvha7pjQPiIUGBoqWKr9YeoGJa1rmzfYqXyfGDFHwV4	2025-12-28 10:14:20.879902+00
61h5ttdd6i0uw03904g6rvl90daxunew	.eJxVzMsOgkAMheF3mbWQmcK04NK9z0A601ZQAwmXlfHdvYSFrs__nYfreFv7blt07gZxRychIqliQSCpqGvjgrmBAluIRhQT-uAOvyxxvun4tVceL1OZp3Gdh1R-knJfl_I8id5Pe_t30PPSvzWhBMliTD6qUcVBrUFfg1mgiNj6FBE45iqoesMkUgFU0BhpA5Dc8wXu6UEd:1vUmxs:0beAMgi8L0E10vRsftVdiuDB6xJ-uAlxbIqBPXwL3BU	2025-12-28 14:20:48.950461+00
pua2jvhmtnw7epwasnp0msgzitpticzs	.eJxVjDsOwjAMQO-SmUT5OA1hZOcMlWM7tIBaqZ8JcXdaqQPM7_NWLa5L166zTG3P6qK8gwIcRHsC0mBL0OcQs6618RJEQAKr029WkJ4y7C0_cLiPhsZhmfpidsUcdDa3keV1Pdy_QYdzt9XbG4WgqRFjwgg5e65M4BJDrhLF2ZTEVhFMVGwmWzF5a0GKeFdBfb436EJh:1vV4Pv:pa_p9fYZ2SD-kp71TduSGBMWJphgmNpEUrwgq5zYzNA	2025-12-29 08:58:55.388475+00
ft14jyzh7auz3wjklnmblq4ollzu1jq9	.eJxVjDsOwjAMQO-SmUT5OA1hZOcMlWM7tIBaqZ8JcXdaqQPM7_NWLa5L166zTG3P6qK8gwIcRHsC0mBL0OcQs6618RJEQAKr029WkJ4y7C0_cLiPhsZhmfpidsUcdDa3keV1Pdy_QYdzt9XbG4WgqRFjwgg5e65M4BJDrhLF2ZTEVhFMVGwmWzF5a0GKeFdBfb436EJh:1vV5Co:dXA8raaEB-SdU8p676JcvvvATXxqe1u48e55z_AEgLw	2025-12-29 09:49:26.504106+00
d6vwh1le5yu5r1o1e2zhjtxu7k2l1c6u	.eJxVjDsOwjAMQO-SmUT5OA1hZOcMlWM7tIBaqZ8JcXdaqQPM7_NWLa5L166zTG3P6qK8gwIcRHsC0mBL0OcQs6618RJEQAKr029WkJ4y7C0_cLiPhsZhmfpidsUcdDa3keV1Pdy_QYdzt9XbG4WgqRFjwgg5e65M4BJDrhLF2ZTEVhFMVGwmWzF5a0GKeFdBfb436EJh:1vV5Oy:7n_UEbhbWDxI6IZOdMoFHnyJwgxh4SJo3gFNQFgMETQ	2025-12-29 10:02:00.338454+00
aj0hf4itv5k1r7grfapbocn1rgekegl7	.eJxVjDsOwjAMQO-SmUT5OA1hZOcMlWM7tIBaqZ8JcXdaqQPM7_NWLa5L166zTG3P6qK8gwIcRHsC0mBL0OcQs6618RJEQAKr029WkJ4y7C0_cLiPhsZhmfpidsUcdDa3keV1Pdy_QYdzt9XbG4WgqRFjwgg5e65M4BJDrhLF2ZTEVhFMVGwmWzF5a0GKeFdBfb436EJh:1vV5z5:DFoRPeyIvwieCvrVMAP7Yz0BlWnyyVe4Q2drfw6wMr8	2025-12-29 10:39:19.053821+00
5lozmn1uir04fm6uldcl07eru3fe5hj9	.eJxVjDsOwjAMQO-SmUT5OA1hZOcMlWM7tIBaqZ8JcXdaqQPM7_NWLa5L166zTG3P6qK8gwIcRHsC0mBL0OcQs6618RJEQAKr029WkJ4y7C0_cLiPhsZhmfpidsUcdDa3keV1Pdy_QYdzt9XbG4WgqRFjwgg5e65M4BJDrhLF2ZTEVhFMVGwmWzF5a0GKeFdBfb436EJh:1vVR1y:XXUHJ1QxMd_zpeMC8a4mAjK7nzY7E0K-DzCnds4l7wY	2025-12-30 09:07:42.247587+00
tlzu6sg3yvjtrbj5ejaqv5ha3w1iy0u6	.eJxVjDsOwjAMQO-SmUT5OA1hZOcMlWM7tIBaqZ8JcXdaqQPM7_NWLa5L166zTG3P6qK8gwIcRHsC0mBL0OcQs6618RJEQAKr029WkJ4y7C0_cLiPhsZhmfpidsUcdDa3keV1Pdy_QYdzt9XbG4WgqRFjwgg5e65M4BJDrhLF2ZTEVhFMVGwmWzF5a0GKeFdBfb436EJh:1vVT7P:5JwM76sh88Gio7jsPeZC2r7A7vuG9Kwe2P3tmkx8K8I	2025-12-30 11:21:27.802585+00
\.


--
-- Data for Name: events_event; Type: TABLE DATA; Schema: public; Owner: postgres
--

COPY public.events_event (id, name, name_kk, name_ru, name_en, description, description_kk, description_ru, description_en, location, location_kk, location_ru, location_en, date, price, category, is_free, media_urls, tickets_available, created_at, club_id) FROM stdin;
3	Vibe-Coding Blitz Хакатон @ GDG on Campus	Vibe-Coding Blitz Хакатоны @ GDG on Campus	Vibe-Coding Blitz Хакатон @ GDG on Campus	Vibe-Coding Blitz Hackathon @ GDG on Campus	Готов почувствовать вайб, писать код и сиять? Присоединяйся к интенсивному мини-хакатону, где скорость встречается с креативом!\r\nУ тебя будет 1.5 часа на проект, затем презентации, судейство и церемония награждения.\r\nПрограмма:\r\n⏱️ 1.5 часа кодинга и отправка проекта\r\n🎤 40 минут презентаций и судейства\r\n🏆 Церемония награждения\r\nПризы:\r\n🏅 9 победителей — награждаются лучшие 3 команды!\r\nТребования к командам:\r\n• Команда из 3 человек\r\n• Минимум 1 первокурсник\r\n• Максимум 1 студент 2/3/4 курса\r\nПримечание:\r\nПриносите свои ноутбуки!\r\nУчаствовать могут все — особенно первокурсники. Не бойтесь — это ваш шанс проявить себя!	Шабыттанып, код жазып, жарқырауға дайынсың ба? Жылдамдық пен креатив тоғысатын мини-хакатонға қосыл!\r\n1.5 сағат ішінде жоба жасап, кейін презентация мен марапаттау рәсімі өтеді.\r\nБағдарлама:\r\n⏱️ 1.5 сағат кодинг + жобаны жіберу\r\n🎤 40 минут презентациялар және сараптау\r\n🏆 Марапаттау рәсімі\r\nЖүлделер:\r\n🏅 9 жеңімпаз — үздік 3 команда марапатталады!\r\nКоманда талаптары:\r\n• 3 адамнан тұратын команда\r\n• Кемінде 1 бірінші курс студенті\r\n• Максимум 1 екінші/үшінші/төртінші курс студенті\r\nЕскерту:\r\nӨз ноутбуктарыңызды әкеліңіз!\r\nБарлық студенттер қатыса алады — әсіресе бірінші курс студенттері. Бұл — жарқырауға тамаша мүмкіндік!	Готов почувствовать вайб, писать код и сиять? Присоединяйся к интенсивному мини-хакатону, где скорость встречается с креативом!\r\nУ тебя будет 1.5 часа на проект, затем презентации, судейство и церемония награждения.\r\nПрограмма:\r\n⏱️ 1.5 часа кодинга и отправка проекта\r\n🎤 40 минут презентаций и судейства\r\n🏆 Церемония награждения\r\nПризы:\r\n🏅 9 победителей — награждаются лучшие 3 команды!\r\nТребования к командам:\r\n• Команда из 3 человек\r\n• Минимум 1 первокурсник\r\n• Максимум 1 студент 2/3/4 курса\r\nПримечание:\r\nПриносите свои ноутбуки!\r\nУчаствовать могут все — особенно первокурсники. Не бойтесь — это ваш шанс проявить себя!	Ready to vibe, code, and shine? Join us for an intense mini-hackathon where creativity meets speed!\r\nYou’ll have 1.5 hours to build a project, followed by presentations, judging, and an exciting award ceremony.\r\nAgenda:\r\n⏱️ 1.5 hours of vibe-coding + project submission\r\n🎤 40 minutes of presentations & judging\r\n🏆 Awards ceremony\r\nPrizes:\r\n🏅 9 winners — Top 3 teams will be awarded!\r\nTeam Requirements:\r\n• Teams of exactly 3 members\r\n• At least 1 freshman\r\n• Maximum 1 sophomore/junior/senior\r\nNote:\r\nBring your own laptops!\r\nEveryone is welcome — especially freshmen. Don’t hesitate to join — this is your moment to shine and make your first steps in tech!	КБТУ (точная аудитория будет в Telegram-канале)	КБТУ (нақты аудитория Telegram-арнада жарияланады)	КБТУ (точная аудитория будет в Telegram-канале)	KBTU (exact room will be shared in our Telegram channel)	2025-01-29 12:00:00+00	0.00	Hackathons	t	["https://images.unsplash.com/photo-1637073849667-91120a924221?q=80&w=2070&auto=format&fit=crop&ixlib=rb-4.1.0&ixid=M3wxMjA3fDB8MHxwaG90by1wYWdlfHx8fGVufDB8fHx8fA%3D%3D"]	38	2025-12-10 08:09:45.820355+00	4
5	IT FEST Robo Competition	IT FEST Robo Competition	IT FEST Robo Competition	IT FEST Robo Competition	IT FEST Robo Competition-это увлекательное соревнование по робототехнике и программированию микроконтроллеров, направленное на популяризацию технических дисциплин среди школьников 8-11 классов.\r\nУчастники получат уникальную возможность познакомиться с работой ESP32, углубить свои знания в электронике и программировании, а также попробовать себя в создании мобильных роботов.\r\n\r\n🎯 Цели мероприятия\r\n\r\nПопуляризация робототехники среди школьников\r\nОбучение навыкам работы с ESP32 и мобильными роботами\r\nСодействие нетворкингу и продвижению идей менторства\r\n\r\n🏆 Номинации и призы\r\n\r\nНоминации:\r\n\r\nЛучшее инженерное решение\r\nЛучший web interface\r\nЛучшая презентация\r\n\r\nГлавные призы:\r\n\r\n🥇 1 место-200 000 тенге\r\n🥈 2 место-150 000 тенге\r\n🥉 3 место-100 000 тенге\r\n\r\n📅 Формат проведения\r\n\r\nМероприятие пройдет в офлайн-формате и будет состоять из двух насыщенных дней:\r\n\r\nДень 1: Сборка мобильных роботов под руководством опытных менторов\r\nДень 2: Соревнование между командами, в котором участники продемонстрируют свои навыки в робототехнике и программировании\r\n\r\n⚙️ Условия участия\r\n\r\nВозраст участников: школьники 8-11 классов\r\n\r\nЗнания и навыки: опыт работы с Arduino, ESP32, HTML, CSS, базовые знания электроники, опыт работы с мобильными роботами\r\n\r\nКоманда: от 2 до 3 человек (всего отбирается 10 команд)\r\n\r\n📝 Регистрация\r\n\r\nЗаполните форму для участия по ссылке в БИО (Актуальные ITFEST-2025)	IT FEST Robo Competition-бұл 8-11 сынып оқушыларына арналған қызықты робототехника және микроконтроллерлерді бағдарламалау бойынша байқау. Қатысушылар ESP32 құрылғысымен жұмыс істеуді үйреніп, электроника және бағдарламалау саласындағы білімдерін тереңдетіп, мобильді роботтарды құрастырып көреді.\r\n\r\n🎯 Іс-шараның мақсаттары\r\n\r\nМектеп оқушылары арасында робототехниканы насихаттау\r\n\r\nESP32 және мобильді роботтармен жұмыс істеу дағдыларын үйрету\r\n\r\nНетворкинг, тәлімгерлік, және топтық жұмыс мәдениетін дамыту\r\n\r\n🏆 Номинациялар мен жүлделер\r\n\r\nНоминациялар:\r\n\r\nҮздік инженерлік шешім\r\n\r\nҮздік web-интерфейс\r\n\r\nҮздік презентация\r\n\r\nБас жүлделер:\r\n\r\n🥇 1-орын-200 000 теңге\r\n\r\n🥈 2-орын-150 000 теңге\r\n\r\n🥉 3-орын-100 000 теңге\r\n\r\n📅 Өткізу форматы\r\n\r\nОфлайн форматта, екі күндік бағдарлама:\r\n\r\n1-күн: Тәжірибелі менторлардың көмегімен мобильді роботтарды жинау\r\n2-күн: Топтар арасындағы сайыс-робототехника мен бағдарламалау дағдыларын көрсету\r\n\r\n⚙️ Қатысу шарттары\r\n\r\nЖасы: 8-11 сынып оқушылары\r\n\r\nБілімі мен дағдылары: Arduino, ESP32, HTML, CSS, электроника негіздері, мобильді роботтармен жұмыс тәжірибесі\r\n\r\nТоп: 2-3 адамнан, барлығы 10 команда іріктеледі\r\n\r\n📝 Тіркелу\r\n\r\nҚатысу үшін BIO-дағы сілтеме арқылы (ITFEST-2025 бөлімінде) тіркеу формасын толтырыңыз.	IT FEST Robo Competition-это увлекательное соревнование по робототехнике и программированию микроконтроллеров, направленное на популяризацию технических дисциплин среди школьников 8-11 классов.\r\nУчастники получат уникальную возможность познакомиться с работой ESP32, углубить свои знания в электронике и программировании, а также попробовать себя в создании мобильных роботов.\r\n\r\n🎯 Цели мероприятия\r\n\r\nПопуляризация робототехники среди школьников\r\nОбучение навыкам работы с ESP32 и мобильными роботами\r\nСодействие нетворкингу и продвижению идей менторства\r\n\r\n🏆 Номинации и призы\r\n\r\nНоминации:\r\n\r\nЛучшее инженерное решение\r\nЛучший web interface\r\nЛучшая презентация\r\n\r\nГлавные призы:\r\n\r\n🥇 1 место-200 000 тенге\r\n🥈 2 место-150 000 тенге\r\n🥉 3 место-100 000 тенге\r\n\r\n📅 Формат проведения\r\n\r\nМероприятие пройдет в офлайн-формате и будет состоять из двух насыщенных дней:\r\n\r\nДень 1: Сборка мобильных роботов под руководством опытных менторов\r\nДень 2: Соревнование между командами, в котором участники продемонстрируют свои навыки в робототехнике и программировании\r\n\r\n⚙️ Условия участия\r\n\r\nВозраст участников: школьники 8-11 классов\r\n\r\nЗнания и навыки: опыт работы с Arduino, ESP32, HTML, CSS, базовые знания электроники, опыт работы с мобильными роботами\r\n\r\nКоманда: от 2 до 3 человек (всего отбирается 10 команд)\r\n\r\n📝 Регистрация\r\n\r\nЗаполните форму для участия по ссылке в БИО (Актуальные ITFEST-2025)	IT FEST Robo Competition is an exciting competition in robotics and microcontroller programming aimed at popularizing technical disciplines among students in grades 8-11.\r\nParticipants will have a unique opportunity to get acquainted with the work of ESP32, deepen their knowledge of electronics and programming, as well as try their hand at creating mobile robots.\r\n\r\n, Objectives of the event\r\n\r\nPopularization of robotics among schoolchildren\r\nLearning how to work with ESP32 and mobile robots\r\nPromoting networking and mentoring ideas\r\n\r\n, Nominations and prizes\r\n\r\nNominations:\r\n\r\nThe best engineering solution\r\nThe best web interface\r\nThe best presentation\r\n\r\nMain prizes:\r\n\r\n🥇 1st place-200,000 tenge\r\n, 2nd place-150,000 tenge\r\n🥉 3rd place-100,000 tenge\r\n\r\n, The format of the event\r\n\r\nThe event will be held offline and will consist of two eventful days.:\r\n\r\nDay 1: Assembling mobile robots under the guidance of experienced mentors\r\nDay 2: Competition between teams in which participants will demonstrate their skills in robotics and programming\r\n\r\n, Terms of participation\r\n\r\nAge of participants: students in grades 8-11\r\n\r\nKnowledge and skills: experience working with Arduino, ESP32, HTML, CSS, basic knowledge of electronics, experience working with mobile robots\r\n\r\nTeam: from 2 to 3 people (10 teams are selected in total)\r\n\r\n📝 Registration\r\n\r\nFill out the participation form by following the link in the BIO (Current ITFEST-2025)	МУИТ	ХАТУ	МУИТ	IITU	2025-12-24 08:00:00+00	2000.00	offsite	f	["https://images.unsplash.com/photo-1485827404703-89b55fcc595e?q=80&w=2070&auto=format&fit=crop&ixlib=rb-4.1.0&ixid=M3wxMjA3fDB8MHxwaG90by1wYWdlfHx8fGVufDB8fHx8fA%3D%3D"]	24	2025-12-10 08:23:26.085699+00	6
4	Гостевая лекция: «Маркетинг, который не бесит» от Азалии Тургуновой	Қонақ лекция: «Жалықтырмайтын маркетинг» — Азалия Тургунова	Гостевая лекция: «Маркетинг, который не бесит» от Азалии Тургуновой	Guest Lecture by Azaliya Turgunova (Marketing)	Приходите на живую лекцию от эксперта бренд-маркетинга Азалии Тургуновой — создательницы известных брендов и специалиста с опытом работы с ALPHA BANK, MAGNUM, HYUNDAI и другими компаниями.\r\nОна поделится практическим опытом, реальными кейсами и ответит на ваши вопросы.	Бренд-маркетинг саласының маманы Азалия Тургуновамен өтетін тікелей лекцияға қатысыңыз.\r\nОл нақты кейстермен бөлісіп, практикалық кеңестер береді және сұрақтарыңызға жауап береді.	Приходите на живую лекцию от эксперта бренд-маркетинга Азалии Тургуновой — создательницы известных брендов и специалиста с опытом работы с ALPHA BANK, MAGNUM, HYUNDAI и другими компаниями.\r\nОна поделится практическим опытом, реальными кейсами и ответит на ваши вопросы.	Join us for a live session with Azaliya Turgunova — an expert in brand marketing and the creator of several well-known brands.\r\nShe will share real cases, practical insights, and answer your questions about modern branding and marketing.\r\nFormat: Live lecture + Q&A	Где: КБТУ, аудитория 342	Қайда: КБТУ, 342-аудитория	Где: КБТУ, аудитория 342	Location: KBTU, Room 342	2025-12-16 16:00:00+00	0.00	lectures	t	["https://plus.unsplash.com/premium_photo-1705267936187-aceda1a6c1a6?q=80&w=2070&auto=format&fit=crop&ixlib=rb-4.1.0&ixid=M3wxMjA3fDB8MHxwaG90by1wYWdlfHx8fGVufDB8fHx8fA%3D%3D"]	18	2025-12-10 08:16:39.739546+00	5
2	Google Gemini AI Workshop: Создай своё первое веб-приложение	Google Gemini AI Workshop: Алғашқы веб-қолданбаңды жаса	Google Gemini AI Workshop: Создай своё первое веб-приложение	Google Gemini AI Workshop: Build Your First Web App	Приходи на бесплатный воркшоп и узнай, как создать своё первое веб-приложение с использованием генеративной AI-модели Google Gemini.\r\nМы разберём RAG, работу с Gemini API и системный prompt engineering. Идеально для проектов и хакатонов!	Google Gemini генеративті AI моделін қолданып, алғашқы веб-қолданба жасауға арналған тегін воркшопқа қосылыңыз.\r\nRAG технологиясы, Gemini API және prompt engineering принциптері түсіндіріледі. Хакатондар мен жобаларға өте пайдалы!	Приходи на бесплатный воркшоп и узнай, как создать своё первое веб-приложение с использованием генеративной AI-модели Google Gemini.\r\nМы разберём RAG, работу с Gemini API и системный prompt engineering. Идеально для проектов и хакатонов!	Join our free workshop and learn how to build your first web application using Google’s Generative AI model Gemini.\r\nWe will cover Retrieval Augmented Generation (RAG), Gemini API usage, and system prompt engineering — perfect for future projects and hackathons!	КБТУ, аудитория 365	ҚБТУ, аудитория 365	КБТУ, аудитория 365	Room 365, KBTU	2025-12-23 12:00:00+00	0.00	Workshops	t	["https://assets.bizclikmedia.net/1336/8d9518f80a89e79c02e8d4cc5115f519:1efd485a151ba2dc66bd951b656d5833/google-gemini.webp"]	19	2025-12-10 08:06:01.78542+00	\N
6	LeetCode Workshop Series 💻🚀	LeetCode Workshop Series 💻🚀	LeetCode Workshop Series 💻🚀	LeetCode Workshop Series 💻🚀	Join our hands-on workshop to master Python3 🐍, solve algorithmic challenges 🧠, and prepare for MAANG interviews (Meta, Apple, Amazon, Netflix, Google) 🎯.\r\n\r\nWhy join?\r\n• Learn Python3 from scratch 🐍\r\n• Solve real-world problems 🧠\r\n• Prepare for top tech interviews 🎯\r\n• Boost your coding skills 💪\r\n• Connect with a supportive developer community 🌟\r\n\r\nLimited spots available! 🎟️\r\nAge: 16+\r\n\r\nRegister now and take the first step toward your dream job!\r\n\r\nRegistration link in bio	Python3-ті меңгеру, алгоритмдік мәселелерді шешу және MAANG (Meta, Apple, Amazon, Netflix, Google) сұхбаттарына дайындалу үшін біздің практикалық семинарымызға қосылыңыз.\r\n\r\nНеге қосылу керек?\r\n* Python3-ті нөлден үйреніңіз 🐍\r\n• Нақты мәселелерді шешіңіз 🧠\r\n• Үздік техникалық сұхбаттарға дайындалыңыз 🎯\r\n* Кодтау дағдыларын жетілдіріңіз 💪\r\n• Қолдау көрсететін әзірлеушілер қауымдастығымен байланысыңыз 🌟\r\n\r\nШектеулі орындар бар! 🎟️\r\nЖасы: 16+\r\n\r\nҚазір тіркеліп, армандаған жұмысыңызға алғашқы қадам жасаңыз!\r\n\r\nБиодағы тіркеу сілтемесі	Присоединяйтесь к нашему практическому семинару, чтобы освоить Python3 🐍, решить алгоритмические задачи 🧠 и подготовиться к собеседованиям на MAANG (Meta, Apple, Amazon, Netflix, Google) 🎯.\r\n\r\nЗачем присоединяться?\r\n• Изучать Python3 с нуля 🐍\r\n• Решать реальные задачи 🧠\r\n• Подготовьтесь к собеседованиям с ведущими специалистами в области технологий 🎯\r\n• Совершенствуйте свои навыки программирования 💪\r\n• Общайтесь с поддерживающим сообществом разработчиков 🌟\r\n\r\nКоличество мест ограничено! 🎟️\r\nВозраст: 16+\r\n\r\nЗарегистрируйтесь сейчас и сделайте первый шаг к работе своей мечты!\r\n\r\nСсылка для регистрации в био	Join our hands-on workshop to master Python3 🐍, solve algorithmic challenges 🧠, and prepare for MAANG interviews (Meta, Apple, Amazon, Netflix, Google) 🎯.\r\n\r\nWhy join?\r\n• Learn Python3 from scratch 🐍\r\n• Solve real-world problems 🧠\r\n• Prepare for top tech interviews 🎯\r\n• Boost your coding skills 💪\r\n• Connect with a supportive developer community 🌟\r\n\r\nLimited spots available! 🎟️\r\nAge: 16+\r\n\r\nRegister now and take the first step toward your dream job!\r\n\r\nRegistration link in bio	Online	Онлайн	Онлайн	Online	2025-12-23 09:00:00+00	0.00	Workshops	t	["https://images.unsplash.com/photo-1721378466904-3b0b21152470?q=80&w=1974&auto=format&fit=crop&ixlib=rb-4.1.0&ixid=M3wxMjA3fDB8MHxwaG90by1wYWdlfHx8fGVufDB8fHx8fA%3D%3D"]	41	2025-12-10 08:49:49.409412+00	4
1	Muertos Night	Muertos Night	Muertos Night	Muertos Night	Тайны и ритмы Мексики оживают этой ночью! 🇲🇽✨\r\nПриготовьтесь окунуться в атмосферу Muertos Night — вечера, где жизнь и праздник переплетаются в вихре музыки, красок и эмоций! 🔥\r\n\r\nЧто вас ждёт:\r\n• завораживающая атмосфера в стиле Día de los Muertos с огнями, свечами и цветами 🌺\r\n• диджеи и живое выступление хэдлайнера, от которых невозможно устоять 💃\r\n• welcome-drinks и сюрпризы на входе 🍹\r\n• интерактивы, танцы и энергия до самого утра ⚡️\r\n• профессиональные фото и видео, чтобы запомнить каждую секунду этой ночи 📸\r\n\r\nНе забудь свой образ — чем эффектнее, тем лучше!\r\nMuertos Night — ночь, когда вспыхивает сама жизнь. ❤️‍🔥\r\n\r\n📅 Дата: 28 декабря 2025\r\n📍 Dress code: яркий костюм в мексиканском стиле или total black с элементами Muertos vibes 🌹	Мексика рухы мен ырғақтары осы түні оянады! 🇲🇽✨\r\nMuertos Night — музыка, түстер мен эмоциялар тоғысқан ерекше түн! 🔥\r\n\r\nСіздерді күтеді:\r\n• Día de los Muertos стиліндегі әсерлі атмосфера мен декор 🌺\r\n• DJ-сет және хэдлайнердің тірі орындауы 💃\r\n• Welcome drinks және тосын сыйлар 🍹\r\n• Интерактивтер, би және шексіз көңіл-күй ⚡️\r\n• Әр сәтті есте қалдыратын фото және видео командасы 📸\r\n\r\nКостюмыңды ұмытпа — неғұрлым жарқын болса, соғұрлым жақсы!\r\nMuertos Night — өмірдің өзі жанып тұрған түн. ❤️‍🔥\r\n\r\n📅 Күні: 28 қантар 2025\r\n📍 Dress code: мексикалық стильдегі жарқын бейне немесе Muertos vibes элементтері бар total black 🌹	Тайны и ритмы Мексики оживают этой ночью! 🇲🇽✨\r\nПриготовьтесь окунуться в атмосферу Muertos Night — вечера, где жизнь и праздник переплетаются в вихре музыки, красок и эмоций! 🔥\r\n\r\nЧто вас ждёт:\r\n• завораживающая атмосфера в стиле Día de los Muertos с огнями, свечами и цветами 🌺\r\n• диджеи и живое выступление хэдлайнера, от которых невозможно устоять 💃\r\n• welcome-drinks и сюрпризы на входе 🍹\r\n• интерактивы, танцы и энергия до самого утра ⚡️\r\n• профессиональные фото и видео, чтобы запомнить каждую секунду этой ночи 📸\r\n\r\nНе забудь свой образ — чем эффектнее, тем лучше!\r\nMuertos Night — ночь, когда вспыхивает сама жизнь. ❤️‍🔥\r\n\r\n📅 Дата: 28 декабря 2025\r\n📍 Dress code: яркий костюм в мексиканском стиле или total black с элементами Muertos vibes 🌹	The mysteries and rhythms of Mexico come alive this night! 🇲🇽✨\r\nGet ready to dive into the vibrant atmosphere of Muertos Night — where life and celebration blend into a whirlwind of music, color, and emotion! 🔥\r\n\r\nWhat to expect:\r\n• Enchanting decor and vibe inspired by Día de los Muertos 🌺\r\n• DJ sets and live headliner performance that will keep you dancing all night 💃\r\n• Welcome drinks and surprises at the entrance 🍹\r\n• Interactive zones, dancing, and endless energy ⚡️\r\n• Professional photo and video team capturing every unforgettable moment 📸\r\n\r\nDon’t forget your look — the more striking, the better!\r\nMuertos Night — a night when life itself lights up. ❤️‍🔥	Motor	Motor	Motor	Motor	2025-12-28 18:00:00+00	7000.00	parties	f	["https://images.unsplash.com/photo-1603738208877-3c518eb2bb93?q=80&w=987&auto=format&fit=crop&ixlib=rb-4.1.0&ixid=M3wxMjA3fDB8MHxwaG90by1wYWdlfHx8fGVufDB8fHx8fA%3D%3D"]	184	2025-12-10 07:38:43.131775+00	2
\.


--
-- Data for Name: news_news; Type: TABLE DATA; Schema: public; Owner: postgres
--

COPY public.news_news (id, title, title_kk, title_ru, title_en, content, content_kk, content_ru, content_en, media_url, created_at) FROM stdin;
3	KBTU Participates in EMSA on Alternative Fuels for Ships	ҚБТУ баламалы отынды пайдаланатын кемелер үшін EMSA жұмысына қатысты	КБТУ участвует в работе EMSA по баламальному топливу для судов	KBTU Participates in EMSA on Alternative Fuels for Ships	On November 21-22, 2025, Kazakhstan’s representatives participated in EMSA sessions in Lisbon on updating training for sailors working with methanol, hydrogen, ammonia, fuel cells, and high-voltage batteries. Kazakhstan was represented by Asylbek Tengizbayev and Ramil Biktashev. KBTU KMA teaches safety aspects in working with new energy systems. Discussions focused on whether competencies should be included in main STCW chapters or specialized Chapter V. Participation strengthens international recognition and prepares the fleet for new technologies.	2025 жылғы 21-22 қарашада Қазақстан өкілдері Лиссабондағы EMSA сессияларына қатысты, метанол, сутегі, аммиак, отын элементтері және жоғары вольтты батареялармен жұмыс істеу үшін теңізшілерді дайындауды жаңартуға арналған. Қазақстанды Асылбек Теңізбаев пен Рамиль Бикташев таныстырды. ҚБТУ ҚМА жаңа энергетикалық жүйелермен жұмыс қауіпсіздігі бойынша сабақ береді. Негізгі талқылау — бұл құзыреттерді STCW негізгі тарауларына немесе мамандандырылған Chapter V-ке қосу. Қатысу халықаралық мойындауды күшейтеді және флотты жаңа технологияларға дайындайды.	21-22 ноября 2025 г. представители Казахстана участвовали в сессиях EMSA в Лиссабоне, посвящённых обновлению подготовки моряков для работы с метанолом, водородом, аммиаком, топливными элементами и высоковольтными батареями. Казахстан представили Асылбек Тенизбаев и Рамиль Бикташев. КМА КБТУ обучает безопасности работы с новыми энергетическими системами. Главная дискуссия — включать ли компетенции в основные главы STCW или в специализированный Chapter V. Участие укрепляет международное признание и готовит флот к новым технологиям.	On November 21-22, 2025, Kazakhstan’s representatives participated in EMSA sessions in Lisbon on updating training for sailors working with methanol, hydrogen, ammonia, fuel cells, and high-voltage batteries. Kazakhstan was represented by Asylbek Tengizbayev and Ramil Biktashev. KBTU KMA teaches safety aspects in working with new energy systems. Discussions focused on whether competencies should be included in main STCW chapters or specialized Chapter V. Participation strengthens international recognition and prepares the fleet for new technologies.	https://plus.unsplash.com/premium_photo-1721373827531-e9877a74a394?q=80&w=2070&auto=format&fit=crop&ixlib=rb-4.1.0&ixid=M3wxMjA3fDB8MHxwaG90by1wYWdlfHx8fGVufDB8fHx8fA%3D%3D	2025-12-10 17:46:36.654403+00
1	Congratulations to the finalists of the IT FEST robo Competition!🏆	It FEST robo Competition финалистерін құттықтаймыз!🏆	Поздравляем финалистов IT FEST Robo Competition!🏆	Congratulations to the finalists of the IT FEST robo Competition!🏆	We are pleased to announce that after a thorough examination of all the submitted works and the results of the qualifying round, the following teams will advance to the final of the IT FEST Robo Competition: TKrobotics, Abay Digital, Sirius, Atom Breakers, Tumar, L33 Tech Force, GPT, Tyndex, Miras, Erfinder. The finalists demonstrated a high level of training, original engineering solutions and strong skills in the development of mobile robots. The final will be held on December 5-6 at Atakent, Almaty. Teams can prove themselves in roboftball, offer their own engineering solutions and compete for prizes. Wait—the most interesting is ahead!	Барлық ұсынылған жұмыстар мен іріктеу кезеңінің нәтижелерін мұқият тексергеннен кейін келесі командалар IT FEST Robo Competition финалына өтеді: TKrobotics, Abay Digital, Sirius, Atom Breakers, Tumar, L33 Tech Force, GPT, Tyndex, Miras, Erfinder. Финалистер дайындықтың жоғары деңгейін, инженерлік шешімдердің түпнұсқасын және мобильді роботтарды дамытудың мықты дағдыларын көрсетті. Финал 5-6 желтоқсанда Атакентте, Алматыда өтеді. Командалар робофтболда өздерін көрсете алады, өздерінің инженерлік шешімдерін ұсына алады және жүлделі орындар үшін жарыса алады. Күте тұрыңыз — ең қызықтысы алда!	После тщательной проверки всех представленных работ и результатов отборочного этапа рады сообщить, что в финал IT FEST Robo Competition проходят команды: TKrobotics, Abay Digital, Sirius, Atom Breakers, Tumar, L33 Tech Force, GPT, Tyndex, Miras, Erfinder. Финалисты продемонстрировали высокий уровень подготовки, оригинальные инженерные решения и сильные навыки разработки мобильных роботов. Финал состоится 5-6 декабря в Атакент, Алматы. Команды смогут проявить себя в робофутболе, представить свои инженерные решения и побороться за призовые места. Следите за обновлениями — самое интересное впереди!	We are pleased to announce that after a thorough examination of all the submitted works and the results of the qualifying round, the following teams will advance to the final of the IT FEST Robo Competition: TKrobotics, Abay Digital, Sirius, Atom Breakers, Tumar, L33 Tech Force, GPT, Tyndex, Miras, Erfinder. The finalists demonstrated a high level of training, original engineering solutions and strong skills in the development of mobile robots. The final will be held on December 5-6 at Atakent, Almaty. Teams can prove themselves in roboftball, offer their own engineering solutions and compete for prizes. Wait—the most interesting is ahead!	https://images.unsplash.com/photo-1742767069929-0c663150b164?q=80&w=987&auto=format&fit=crop&ixlib=rb-4.1.0&ixid=M3wxMjA3fDB8MHxwaG90by1wYWdlfHx8fGVufDB8fHx8fA%3D%3D	2025-12-10 17:45:27.083139+00
5	AVC Charitable Foundation Announces Scholarship Recipients for the 2025–2026 Academic Year	AVC Қайырымдылық қорының 2025-2026 оқу жылына арналған атаулы стипендия иегерлері анықталды	Определены обладатели именных стипендий Благотворительного фонда AVC на 2025–2026 учебный год	AVC Charitable Foundation Announces Scholarship Recipients for the 2025–2026 Academic Year	The AVC Charitable Foundation continues to support talented students of the Kazakh-British Technical University. Following the results of a competitive selection, the recipients of the AVC Named Scholarship for the 2025–2026 academic year are outstanding students who have demonstrated high academic performance, active community involvement, and a strong commitment to professional growth.\r\nAVC Scholarship Recipients:\r\nSagimgeldiev Bekzat Ruslanuly, 2nd year, School of Information Technology and Engineering, Automation and Control\r\nKaramysov Yernar Bolatovich, 4th year, School of Chemical Engineering, Chemical Technology of Organic Substances\r\nNurmagambetov Damir Bauyrzhanovich, 3rd year, School of Information Technology and Engineering, Automation and Control\r\nZhenis Eldos Ruslanuly, 3rd year, School of Information Technology and Engineering, Automation and Control\r\nKashimova Nazerke Nurlybekovna, 3rd year, School of Chemical Engineering, Chemical Technology of Organic Substances\r\nUtebaliyeva Amanel Asylbekkyzy, 2nd year, School of Information Technology and Engineering, Automation and Control\r\nAkhmetolla Karakat Kambarkyzy, 2nd year, School of Chemical Engineering, Chemical Technology of Organic Substances\r\nThe AVC Scholarship Program fosters human capital and supports the development of future engineers, scientists, and leaders of Kazakhstan. Congratulations to all scholarship recipients!	AVC қайырымдылық қоры Қазақстан-Британ техникалық университетінің дарынды студенттерін қолдауды жалғастыруда. Байқау іріктеуінің нәтижелері бойынша 2025–2026 оқу жылында қордың атаулы стипендиясына жоғары академиялық жетістіктерімен, белсенді өмірлік ұстанымымен және кәсіби өсуге ұмтылысымен ерекшеленген үздік студенттер ие болды.\r\nAVC стипендиялық бағдарламасы адами капиталды дамытуға және Қазақстанның болашақ инженерлері, ғалымдары мен көшбасшыларын қолдауға бағытталған. Стипендиаттарды шын жүректен құттықтаймыз!	Благотворительный фонд AVC продолжает поддерживать талантливых студентов Казахстанско-Британского технического университета. По итогам конкурсного отбора в 2025–2026 учебном году обладателями именной стипендии фонда стали лучшие студенты, продемонстрировавшие высокую академическую успеваемость, активную жизненную позицию и стремление к профессиональному росту.\r\nСтипендиаты фонда AVC:\r\nСагимгелдиев Бекзат Русланулы, 2 курс, Школа информационных технологий и инженерии, Автоматизация и управление\r\nКарамысов Ернар Болатович, 4 курс, Школа химической инженерии, Химическая технология органических веществ\r\nНурмагамбетов Дамир Бауыржанович, 3 курс, Школа информационных технологий и инженерии, Автоматизация и управление\r\nЖеңіс Елдос Русланұлы, 3 курс, Школа информационных технологий и инженерии, Автоматизация и управление\r\nКашимова Назерке Нурлыбековна, 3 курс, Школа химической инженерии, Химическая технология органических веществ\r\nУтебалиева Аманель Асылбекқызы, 2 курс, Школа информационных технологий и инженерии, Автоматизация и управление\r\nАхметолла Қарақат Қамбарқызы, 2 курс, Школа химической инженерии, Химическая технология органических веществ\r\nСтипендиальная программа AVC направлена на развитие человеческого капитала и поддержку будущих инженеров, учёных и лидеров Казахстана. Поздравляем стипендиатов и желаем им вдохновения, настойчивости и новых достижений!	The AVC Charitable Foundation continues to support talented students of the Kazakh-British Technical University. Following the results of a competitive selection, the recipients of the AVC Named Scholarship for the 2025–2026 academic year are outstanding students who have demonstrated high academic performance, active community involvement, and a strong commitment to professional growth.\r\nAVC Scholarship Recipients:\r\nSagimgeldiev Bekzat Ruslanuly, 2nd year, School of Information Technology and Engineering, Automation and Control\r\nKaramysov Yernar Bolatovich, 4th year, School of Chemical Engineering, Chemical Technology of Organic Substances\r\nNurmagambetov Damir Bauyrzhanovich, 3rd year, School of Information Technology and Engineering, Automation and Control\r\nZhenis Eldos Ruslanuly, 3rd year, School of Information Technology and Engineering, Automation and Control\r\nKashimova Nazerke Nurlybekovna, 3rd year, School of Chemical Engineering, Chemical Technology of Organic Substances\r\nUtebaliyeva Amanel Asylbekkyzy, 2nd year, School of Information Technology and Engineering, Automation and Control\r\nAkhmetolla Karakat Kambarkyzy, 2nd year, School of Chemical Engineering, Chemical Technology of Organic Substances\r\nThe AVC Scholarship Program fosters human capital and supports the development of future engineers, scientists, and leaders of Kazakhstan. Congratulations to all scholarship recipients!	https://plus.unsplash.com/premium_photo-1682284548131-58cb47f6ab2b?q=80&w=2070&auto=format&fit=crop&ixlib=rb-4.1.0&ixid=M3wxMjA3fDB8MHxwaG90by1wYWdlfHx8fGVufDB8fHx8fA%3D%3D	2025-12-10 17:48:56.571957+00
4	KBTU’s KOZ AI Project – Winner of the AI-Sana Leaders Nomination!	ҚБТУ-дың KOZ AI жобасы – AI-Sana Leaders номинациясының үздігі	Проект KOZ AI КБТУ – победитель в номинации AI-Sana Leaders!	KBTU’s KOZ AI Project – Winner of the AI-Sana Leaders Nomination!	AI-Sana is a strategic national project aimed at introducing artificial intelligence into higher education institutions. Its main goal is to train a new generation of AI specialists for the fields of energy, agro-industry, water management, and digital management.\r\nWithin the framework of this large-scale initiative, the Kazakhstan-British Technical University’s KOZ AI project was recognized as the best in the AI-Sana Leaders nomination! The award was presented by the Minister of Science and Higher Education of the Republic of Kazakhstan, Sayasat Nurbek.\r\nProject Authors: Amitov Al'mukhamed, Kuatov Yermukhamed, Zhaksylikov Rayimbek, Adilov Amir, Kakarov Damir, Kainazarov Zhasulan, Ushtaev Asanali, Yerlan Dias, Kazbek Zhibek.\r\nThis victory is the result of the collective efforts of the KBTU team, our partners, and colleagues. Your trust has become a true spark for new ideas and a genuine testament to the pursuit of science.\r\nWith knowledge – the nation rises, with technology – the future is shaped!	AI-Sana – жасанды интеллектті жоғары оқу орындарына енгізуге бағытталған стратегиялық ұлттық жоба. Негізгі мақсаты – еліміздің энергетика, агроөнеркәсіп, су шаруашылығы мен цифрлық менеджмент салаларына жаңа буын ЖИ мамандарын даярлау.\r\nОсы ауқымды бастама аясында Қазақстан-Британ техникалық университетінің KOZ AI жобасы AI-Sana Leaders номинациясында үздік деп танылды! Марапатты ҚР Ғылым және жоғары білім министрі Саясат Нұрбек табыстады.\r\nЖоба авторлары: Амитов Альмухамед, Куатов Ермухамед, Жаксиликов Райымбек, Адилов Амир, Какаров Дамир, Кайназаров Жасулан, Уштаев Асанали, Ерлан Диас, Казбек Жибек.\r\nБұл жеңіс – ҚБТУ ұжымының, серіктестеріміз бен әріптестеріміздің ортақ еңбегінің нәтижесі. Сіздердің сенімдеріңіз – жаңа идеялардың ұшқынына, ғылымға деген талпыныстың шынайы дәлеліне айналды.\r\nБіліммен – ұлт биіктейді, технологиямен – болашақ қалыптасады!	AI-Sana – это стратегический национальный проект, направленный на внедрение искусственного интеллекта в систему высшего образования. Основная цель – подготовка нового поколения специалистов в области ИИ для энергетики, агропромышленного комплекса, водного хозяйства и цифрового менеджмента.\r\nВ рамках этой масштабной инициативы проект KOZ AI Казахстанско-Британского технического университета был признан лучшим в номинации AI-Sana Leaders! Награду вручил министр науки и высшего образования Республики Казахстан Саясат Нурбек.\r\nАвторы проекта: Амитов Альмухамед, Куатов Ермухамед, Жаксиликов Раимбек, Адилов Амир, Какаров Дамир, Кайназаров Жасулан, Уштаев Асанали, Ерлан Диас, Казбек Жибек.\r\nЭта победа – результат совместного труда коллектива КБТУ, наших партнеров и коллег. Ваше доверие стало настоящей искрой для новых идей и подлинным свидетельством стремления к науке.\r\nЗнания возвышают нацию, технологии формируют будущее!	AI-Sana is a strategic national project aimed at introducing artificial intelligence into higher education institutions. Its main goal is to train a new generation of AI specialists for the fields of energy, agro-industry, water management, and digital management.\r\nWithin the framework of this large-scale initiative, the Kazakhstan-British Technical University’s KOZ AI project was recognized as the best in the AI-Sana Leaders nomination! The award was presented by the Minister of Science and Higher Education of the Republic of Kazakhstan, Sayasat Nurbek.\r\nProject Authors: Amitov Al'mukhamed, Kuatov Yermukhamed, Zhaksylikov Rayimbek, Adilov Amir, Kakarov Damir, Kainazarov Zhasulan, Ushtaev Asanali, Yerlan Dias, Kazbek Zhibek.\r\nThis victory is the result of the collective efforts of the KBTU team, our partners, and colleagues. Your trust has become a true spark for new ideas and a genuine testament to the pursuit of science.\r\nWith knowledge – the nation rises, with technology – the future is shaped!	https://images.unsplash.com/photo-1762968274962-20c12e6e8ecd?q=80&w=2090&auto=format&fit=crop&ixlib=rb-4.1.0&ixid=M3wxMjA3fDB8MHxwaG90by1wYWdlfHx8fGVufDB8fHx8fA%3D%3D	2025-12-10 17:48:06.619764+00
2	KBTU at a Meeting with University Rectors	ҚБТУ жоғары оқу орындарының ректорларымен кездесуде	КБТУ на встрече с ректорами вузов	KBTU at a Meeting with University Rectors	KBTU took part in a meeting between the Deputy Akim of Almaty, Abzal Nukenov, and the rectors of the city’s leading universities. The discussion focused on the development of education and scientific research, as well as strengthening the role of youth. Special attention was given to supporting student initiatives, volunteering, and environmental projects within “Taza Kazakhstan.” A working group will be established to launch new joint initiatives and enhance the city’s scientific potential.	ҚБТУ Алматы қаласы әкімінің орынбасары Абзал Нүкенов пен қаладағы жетекші университеттердің ректорлары арасындағы кездесуге қатысты. Кездесу білім беру мен ғылыми зерттеулерді дамытуға, сондай-ақ жастардың рөлін күшейтуге бағытталды. Студенттік бастамаларға, волонтерлікке және «Таза Қазақстан» экологиялық жобаларына ерекше көңіл бөлінді. Жаңа бірлескен бастамаларды іске қосу және ғылыми әлеуетті арттыру үшін жұмыс тобы құрылатын болды.	КБТУ принял участие во встрече заместителя акима Алматы Абзала Нукенова с ректорами ведущих вузов города. В центре обсуждения — развитие образования и научных исследований, а также усиление роли молодежи. Отдельное внимание уделено поддержке студенческих инициатив, волонтерства и экологических проектов в рамках «Таза Қазақстан». Создана рабочая группа для запуска новых совместных инициатив и укрепления научного потенциала города.	KBTU took part in a meeting between the Deputy Akim of Almaty, Abzal Nukenov, and the rectors of the city’s leading universities. The discussion focused on the development of education and scientific research, as well as strengthening the role of youth. Special attention was given to supporting student initiatives, volunteering, and environmental projects within “Taza Kazakhstan.” A working group will be established to launch new joint initiatives and enhance the city’s scientific potential.	https://images.unsplash.com/photo-1685609235425-6f78df6e1f6e?q=80&w=2070&auto=format&fit=crop&ixlib=rb-4.1.0&ixid=M3wxMjA3fDB8MHxwaG90by1wYWdlfHx8fGVufDB8fHx8fA%3D%3D	2025-12-10 17:46:02.267101+00
\.


--
-- Data for Name: reviews_review; Type: TABLE DATA; Schema: public; Owner: postgres
--

COPY public.reviews_review (id, rating, created_at, event_id, user_id, text, updated_at) FROM stdin;
1	5	2025-12-10 17:49:38.445021+00	2	d1567ee6-72db-44fa-aa82-6925f775b601	Я очень довольна своим опытом в Gemini Workshop! Атмосфера здесь невероятно дружелюбная и мотивирующая. Преподаватели отлично объясняют материал, всегда готовы помочь и ответить на любые вопросы. Особенно мне понравился практический подход — после каждого занятия можно сразу применять знания на практике. Благодаря этому я реально почувствовала прогресс и уверенность в своих навыках. Рекомендую всем, кто хочет эффективно учиться и развиваться	2025-12-10 17:49:38.445029+00
2	5	2025-12-10 17:49:59.536674+00	6	214b4d3e-2c4c-40b3-8359-ff62e3ee4e3d	это просто находка для тех, кто хочет прокачать свои навыки алгоритмов и структур данных! Занятия построены очень логично: сначала объясняют концепции, затем разбирают реальные задачи, похожие на те, что встречаются на собеседованиях в топовые IT-компании. Особенно ценю возможность решать задачи вместе с наставниками — они дают ценные подсказки и объясняют оптимальные решения. После этих занятий я стал(а) увереннее в решении сложных задач и готов(а) к интервью. Настоятельно рекомендую всем, кто хочет серьёзно прокачать свои навыки программирования!	2025-12-10 17:49:59.536688+00
\.


--
-- Data for Name: tickets_ticket; Type: TABLE DATA; Schema: public; Owner: postgres
--

COPY public.tickets_ticket (id, qrcode, used, created_at, event_id, user_id, notes, payment_status, used_at) FROM stdin;
8	3b76efd2-b681-4b6a-9a10-ba8dbb03bc3a	f	2025-12-11 06:56:30.7392+00	1	214b4d3e-2c4c-40b3-8359-ff62e3ee4e3d		unpaid	\N
9	a5c3a13c-2151-4b33-b885-3ff4e4683720	f	2025-12-11 07:01:19.585869+00	1	d1567ee6-72db-44fa-aa82-6925f775b601		unpaid	\N
10	e78e1912-cce2-4690-a1d1-f53609209a97	f	2025-12-11 07:01:25.222681+00	1	d1567ee6-72db-44fa-aa82-6925f775b601		unpaid	\N
11	766d16b7-2415-486e-ad41-32aa234d593e	f	2025-12-11 07:05:20.328261+00	2	d1567ee6-72db-44fa-aa82-6925f775b601		unpaid	\N
12	b10ff7ab-da1e-474a-b565-d7abb29cc4d8	f	2025-12-11 07:05:38.466043+00	2	a0c40a97-e7ca-4a3a-89d6-52e9f6a1774f		unpaid	\N
16	7bd5a405-3367-4479-b7f2-9116268f786c	f	2025-12-11 07:24:04.484288+00	2	a0c40a97-e7ca-4a3a-89d6-52e9f6a1774f		unpaid	\N
17	186140e5-4649-48b7-81c8-afc111cba7b5	f	2025-12-11 07:27:26.493541+00	4	a0c40a97-e7ca-4a3a-89d6-52e9f6a1774f		unpaid	\N
20	0bcffc86-1343-4239-b8c4-5f7470083689	f	2025-12-11 07:46:54.808302+00	3	214b4d3e-2c4c-40b3-8359-ff62e3ee4e3d		unpaid	\N
21	e2a1f87f-4f2a-4383-b5e8-161fafd61b95	f	2025-12-11 08:11:25.38551+00	5	214b4d3e-2c4c-40b3-8359-ff62e3ee4e3d		unpaid	\N
26	48822431-6043-43e1-83e1-bf277166f6d1	f	2025-12-11 08:20:22.60408+00	1	214b4d3e-2c4c-40b3-8359-ff62e3ee4e3d		unpaid	\N
27	69dbfef9-7d48-4eb9-bbda-1b9ea9f68452	f	2025-12-12 09:00:27.68479+00	4	214b4d3e-2c4c-40b3-8359-ff62e3ee4e3d		unpaid	\N
28	51a9e5dd-a64a-44ff-87c4-9002163bb045	f	2025-12-12 09:00:32.107738+00	4	214b4d3e-2c4c-40b3-8359-ff62e3ee4e3d		unpaid	\N
29	2bd69d19-c15a-4ab1-ac1b-d9037d45e146	f	2025-12-12 09:25:22.825673+00	6	d1567ee6-72db-44fa-aa82-6925f775b601		unpaid	\N
30	aefbc088-2586-437a-b2ff-6eea414d08ca	f	2025-12-12 09:26:14.780053+00	1	214b4d3e-2c4c-40b3-8359-ff62e3ee4e3d		unpaid	\N
31	00cecbe6-25a9-48a2-8557-3b527d98f413	f	2025-12-12 09:26:58.098116+00	6	214b4d3e-2c4c-40b3-8359-ff62e3ee4e3d		unpaid	\N
32	1f83b721-4c7c-448e-a1b8-87e9cbec9744	f	2025-12-12 09:30:27.170854+00	6	d1567ee6-72db-44fa-aa82-6925f775b601		unpaid	\N
33	bb829422-9f58-4614-8934-b4d685ec8bf8	f	2025-12-12 09:30:47.028816+00	6	a0c40a97-e7ca-4a3a-89d6-52e9f6a1774f		unpaid	\N
34	1a5f7cc3-2591-4d57-af7e-47b0f94c0d6d	f	2025-12-12 09:32:17.397322+00	6	a0c40a97-e7ca-4a3a-89d6-52e9f6a1774f		unpaid	\N
35	8002cb0d-3e39-450b-a6e1-cccf8b61906f	f	2025-12-12 09:35:37.150955+00	6	214b4d3e-2c4c-40b3-8359-ff62e3ee4e3d		unpaid	\N
70	13e205af-63f8-42b3-93f9-0bffa6431571	f	2025-12-16 09:26:04.249335+00	5	214b4d3e-2c4c-40b3-8359-ff62e3ee4e3d		unpaid	\N
36	3d313d3b-ab0f-43a1-8a1a-57fbc1744d16	f	2025-12-12 09:45:10.668476+00	6	214b4d3e-2c4c-40b3-8359-ff62e3ee4e3d		paid	\N
38	e811470e-2deb-46b1-9359-ea41e02a290f	f	2025-12-15 10:56:40.252805+00	3	214b4d3e-2c4c-40b3-8359-ff62e3ee4e3d		unpaid	\N
39	5ffdf6bd-3dc8-4b10-9a51-a286884795ae	f	2025-12-15 11:08:25.290058+00	3	214b4d3e-2c4c-40b3-8359-ff62e3ee4e3d		unpaid	\N
40	c7fdb2a5-e91e-4e27-bebc-49603bc2d8cc	f	2025-12-15 11:14:59.856978+00	3	214b4d3e-2c4c-40b3-8359-ff62e3ee4e3d		unpaid	\N
41	c85679ae-34d9-4b36-9e3a-cfaa92aa78bd	f	2025-12-15 11:15:09.743056+00	1	214b4d3e-2c4c-40b3-8359-ff62e3ee4e3d		unpaid	\N
42	0c2736f4-ab99-4e79-b58b-0183764c5a1c	f	2025-12-15 12:23:02.940673+00	3	214b4d3e-2c4c-40b3-8359-ff62e3ee4e3d		unpaid	\N
44	66d039f9-2149-41c8-989e-b7ec4811d474	f	2025-12-15 12:26:44.155282+00	2	214b4d3e-2c4c-40b3-8359-ff62e3ee4e3d		unpaid	\N
45	ce438141-54ca-4127-aeaa-1f3e13289027	f	2025-12-15 12:30:42.607645+00	1	214b4d3e-2c4c-40b3-8359-ff62e3ee4e3d		unpaid	\N
46	74bc6cc0-c7a3-4f41-9a28-5a059c6d91a7	f	2025-12-15 18:09:00.315913+00	3	214b4d3e-2c4c-40b3-8359-ff62e3ee4e3d		unpaid	\N
47	b880e12a-4de3-4de6-ab96-c8697c8c7573	f	2025-12-15 18:09:23.397791+00	1	214b4d3e-2c4c-40b3-8359-ff62e3ee4e3d		unpaid	\N
48	00a78ff1-7b24-4b64-bb27-af5bfde049ca	f	2025-12-15 18:09:29.514795+00	3	214b4d3e-2c4c-40b3-8359-ff62e3ee4e3d		unpaid	\N
49	b840cf24-ba49-446f-99e2-d7d2608f09af	f	2025-12-15 18:10:14.852569+00	6	214b4d3e-2c4c-40b3-8359-ff62e3ee4e3d		unpaid	\N
50	db4cb431-824a-4f8c-b8ee-0ecf1953fb2a	f	2025-12-15 18:34:01.122122+00	3	214b4d3e-2c4c-40b3-8359-ff62e3ee4e3d		unpaid	\N
51	c77167fd-e6b0-4d1b-88b9-fc21f3954d10	f	2025-12-15 19:43:35.108794+00	6	214b4d3e-2c4c-40b3-8359-ff62e3ee4e3d		unpaid	\N
52	ac719598-24c2-45d2-b717-3ab53c716074	f	2025-12-16 07:34:57.409931+00	1	214b4d3e-2c4c-40b3-8359-ff62e3ee4e3d		unpaid	\N
53	7b0f2e5d-ea70-4307-b5aa-0f15f79f6218	f	2025-12-16 07:43:19.923068+00	3	214b4d3e-2c4c-40b3-8359-ff62e3ee4e3d		unpaid	\N
54	5348803b-4753-41a9-8588-d0fadc291bd4	f	2025-12-16 07:43:23.897462+00	1	214b4d3e-2c4c-40b3-8359-ff62e3ee4e3d		pending	\N
55	d5660f11-ac73-40ad-936f-05bf06905081	f	2025-12-16 07:46:50.170622+00	1	214b4d3e-2c4c-40b3-8359-ff62e3ee4e3d		unpaid	\N
56	35e426e5-c607-4bd0-b53d-9e80e3be5ec5	f	2025-12-16 07:48:09.498787+00	1	214b4d3e-2c4c-40b3-8359-ff62e3ee4e3d		pending	\N
57	4b256e9b-5f6e-470a-9070-803e0785a4af	f	2025-12-16 07:51:31.607794+00	3	214b4d3e-2c4c-40b3-8359-ff62e3ee4e3d		unpaid	\N
58	b7225635-4aae-4f94-90bb-a1e24ca7e418	f	2025-12-16 07:51:37.395214+00	1	214b4d3e-2c4c-40b3-8359-ff62e3ee4e3d		unpaid	\N
59	ec5b1121-db34-4992-8cdb-df49d173d597	f	2025-12-16 08:14:24.256873+00	3	214b4d3e-2c4c-40b3-8359-ff62e3ee4e3d		unpaid	\N
60	63d13005-2db7-4e16-a378-19743935b337	f	2025-12-16 08:14:46.871928+00	1	214b4d3e-2c4c-40b3-8359-ff62e3ee4e3d		pending	\N
61	51d184f6-bbd6-458d-8c30-664495112836	f	2025-12-16 08:17:40.327322+00	5	214b4d3e-2c4c-40b3-8359-ff62e3ee4e3d		pending	\N
62	627534e2-5cb7-49cf-a150-7317c2173bdc	f	2025-12-16 09:03:39.964997+00	6	214b4d3e-2c4c-40b3-8359-ff62e3ee4e3d		unpaid	\N
63	83583662-625d-48a9-af75-bbee5e14a82d	f	2025-12-16 09:11:33.18002+00	1	214b4d3e-2c4c-40b3-8359-ff62e3ee4e3d		pending	\N
64	02845f03-da05-409d-a0ce-55142214791c	f	2025-12-16 09:11:52.638376+00	6	214b4d3e-2c4c-40b3-8359-ff62e3ee4e3d		unpaid	\N
65	b074e6cf-e059-4a7b-b779-e7936b9d4fe8	f	2025-12-16 09:12:55.94823+00	1	214b4d3e-2c4c-40b3-8359-ff62e3ee4e3d		unpaid	\N
66	32c607a4-ea34-4917-b474-b804d296e50c	f	2025-12-16 09:13:03.239216+00	6	214b4d3e-2c4c-40b3-8359-ff62e3ee4e3d		unpaid	\N
67	4ab20caa-b3fe-4469-8265-2aca1b44b32e	f	2025-12-16 09:14:42.102958+00	6	214b4d3e-2c4c-40b3-8359-ff62e3ee4e3d		unpaid	\N
68	a76f2140-4698-4a0a-adcd-b983f8b4713b	f	2025-12-16 09:16:29.029725+00	5	214b4d3e-2c4c-40b3-8359-ff62e3ee4e3d		pending	\N
69	097f2ad1-df34-4d67-a529-2bd53e1ec5d2	f	2025-12-16 09:16:56.968039+00	5	214b4d3e-2c4c-40b3-8359-ff62e3ee4e3d		pending	\N
71	142f275c-4383-4caf-b049-b8033e29f452	f	2025-12-16 09:26:16.894097+00	5	214b4d3e-2c4c-40b3-8359-ff62e3ee4e3d		pending	\N
72	0034cac8-3229-4928-9e17-094084dcbe40	f	2025-12-16 10:22:00.26235+00	1	214b4d3e-2c4c-40b3-8359-ff62e3ee4e3d		unpaid	\N
73	7aa07856-fe05-4ea1-a962-3cfe024d1adb	f	2025-12-16 11:22:11.844119+00	3	214b4d3e-2c4c-40b3-8359-ff62e3ee4e3d		unpaid	\N
74	2ffbd43a-f054-488c-942c-2915ea6e4f4a	f	2025-12-16 11:22:20.158652+00	1	214b4d3e-2c4c-40b3-8359-ff62e3ee4e3d		pending	\N
\.


--
-- Name: api_customuser_groups_id_seq; Type: SEQUENCE SET; Schema: public; Owner: postgres
--

SELECT pg_catalog.setval('public.api_customuser_groups_id_seq', 1, false);


--
-- Name: api_customuser_user_permissions_id_seq; Type: SEQUENCE SET; Schema: public; Owner: postgres
--

SELECT pg_catalog.setval('public.api_customuser_user_permissions_id_seq', 1, false);


--
-- Name: api_role_id_seq; Type: SEQUENCE SET; Schema: public; Owner: postgres
--

SELECT pg_catalog.setval('public.api_role_id_seq', 1, false);


--
-- Name: auth_group_id_seq; Type: SEQUENCE SET; Schema: public; Owner: postgres
--

SELECT pg_catalog.setval('public.auth_group_id_seq', 1, true);


--
-- Name: auth_group_permissions_id_seq; Type: SEQUENCE SET; Schema: public; Owner: postgres
--

SELECT pg_catalog.setval('public.auth_group_permissions_id_seq', 48, true);


--
-- Name: auth_permission_id_seq; Type: SEQUENCE SET; Schema: public; Owner: postgres
--

SELECT pg_catalog.setval('public.auth_permission_id_seq', 56, true);


--
-- Name: clubmanager_clubmanager_id_seq; Type: SEQUENCE SET; Schema: public; Owner: postgres
--

SELECT pg_catalog.setval('public.clubmanager_clubmanager_id_seq', 1, false);


--
-- Name: clubs_club_id_seq; Type: SEQUENCE SET; Schema: public; Owner: postgres
--

SELECT pg_catalog.setval('public.clubs_club_id_seq', 6, true);


--
-- Name: clubs_membership_id_seq; Type: SEQUENCE SET; Schema: public; Owner: postgres
--

SELECT pg_catalog.setval('public.clubs_membership_id_seq', 4, true);


--
-- Name: django_admin_log_id_seq; Type: SEQUENCE SET; Schema: public; Owner: postgres
--

SELECT pg_catalog.setval('public.django_admin_log_id_seq', 73, true);


--
-- Name: django_content_type_id_seq; Type: SEQUENCE SET; Schema: public; Owner: postgres
--

SELECT pg_catalog.setval('public.django_content_type_id_seq', 14, true);


--
-- Name: django_migrations_id_seq; Type: SEQUENCE SET; Schema: public; Owner: postgres
--

SELECT pg_catalog.setval('public.django_migrations_id_seq', 40, true);


--
-- Name: events_event_id_seq; Type: SEQUENCE SET; Schema: public; Owner: postgres
--

SELECT pg_catalog.setval('public.events_event_id_seq', 7, true);


--
-- Name: news_news_id_seq; Type: SEQUENCE SET; Schema: public; Owner: postgres
--

SELECT pg_catalog.setval('public.news_news_id_seq', 6, true);


--
-- Name: reviews_review_id_seq; Type: SEQUENCE SET; Schema: public; Owner: postgres
--

SELECT pg_catalog.setval('public.reviews_review_id_seq', 2, true);


--
-- Name: tickets_ticket_id_seq; Type: SEQUENCE SET; Schema: public; Owner: postgres
--

SELECT pg_catalog.setval('public.tickets_ticket_id_seq', 74, true);


--
-- Name: api_customuser_groups api_customuser_groups_customuser_id_group_id_d5b0c2ab_uniq; Type: CONSTRAINT; Schema: public; Owner: postgres
--

ALTER TABLE ONLY public.api_customuser_groups
    ADD CONSTRAINT api_customuser_groups_customuser_id_group_id_d5b0c2ab_uniq UNIQUE (customuser_id, group_id);


--
-- Name: api_customuser_groups api_customuser_groups_pkey; Type: CONSTRAINT; Schema: public; Owner: postgres
--

ALTER TABLE ONLY public.api_customuser_groups
    ADD CONSTRAINT api_customuser_groups_pkey PRIMARY KEY (id);


--
-- Name: api_customuser api_customuser_outlook_key; Type: CONSTRAINT; Schema: public; Owner: postgres
--

ALTER TABLE ONLY public.api_customuser
    ADD CONSTRAINT api_customuser_outlook_key UNIQUE (outlook);


--
-- Name: api_customuser api_customuser_pkey; Type: CONSTRAINT; Schema: public; Owner: postgres
--

ALTER TABLE ONLY public.api_customuser
    ADD CONSTRAINT api_customuser_pkey PRIMARY KEY (id);


--
-- Name: api_customuser_user_permissions api_customuser_user_perm_customuser_id_permission_9deacd8d_uniq; Type: CONSTRAINT; Schema: public; Owner: postgres
--

ALTER TABLE ONLY public.api_customuser_user_permissions
    ADD CONSTRAINT api_customuser_user_perm_customuser_id_permission_9deacd8d_uniq UNIQUE (customuser_id, permission_id);


--
-- Name: api_customuser_user_permissions api_customuser_user_permissions_pkey; Type: CONSTRAINT; Schema: public; Owner: postgres
--

ALTER TABLE ONLY public.api_customuser_user_permissions
    ADD CONSTRAINT api_customuser_user_permissions_pkey PRIMARY KEY (id);


--
-- Name: api_role api_role_pkey; Type: CONSTRAINT; Schema: public; Owner: postgres
--

ALTER TABLE ONLY public.api_role
    ADD CONSTRAINT api_role_pkey PRIMARY KEY (id);


--
-- Name: auth_group auth_group_name_key; Type: CONSTRAINT; Schema: public; Owner: postgres
--

ALTER TABLE ONLY public.auth_group
    ADD CONSTRAINT auth_group_name_key UNIQUE (name);


--
-- Name: auth_group_permissions auth_group_permissions_group_id_permission_id_0cd325b0_uniq; Type: CONSTRAINT; Schema: public; Owner: postgres
--

ALTER TABLE ONLY public.auth_group_permissions
    ADD CONSTRAINT auth_group_permissions_group_id_permission_id_0cd325b0_uniq UNIQUE (group_id, permission_id);


--
-- Name: auth_group_permissions auth_group_permissions_pkey; Type: CONSTRAINT; Schema: public; Owner: postgres
--

ALTER TABLE ONLY public.auth_group_permissions
    ADD CONSTRAINT auth_group_permissions_pkey PRIMARY KEY (id);


--
-- Name: auth_group auth_group_pkey; Type: CONSTRAINT; Schema: public; Owner: postgres
--

ALTER TABLE ONLY public.auth_group
    ADD CONSTRAINT auth_group_pkey PRIMARY KEY (id);


--
-- Name: auth_permission auth_permission_content_type_id_codename_01ab375a_uniq; Type: CONSTRAINT; Schema: public; Owner: postgres
--

ALTER TABLE ONLY public.auth_permission
    ADD CONSTRAINT auth_permission_content_type_id_codename_01ab375a_uniq UNIQUE (content_type_id, codename);


--
-- Name: auth_permission auth_permission_pkey; Type: CONSTRAINT; Schema: public; Owner: postgres
--

ALTER TABLE ONLY public.auth_permission
    ADD CONSTRAINT auth_permission_pkey PRIMARY KEY (id);


--
-- Name: clubmanager_clubmanager clubmanager_clubmanager_club_id_user_id_3580842f_uniq; Type: CONSTRAINT; Schema: public; Owner: postgres
--

ALTER TABLE ONLY public.clubmanager_clubmanager
    ADD CONSTRAINT clubmanager_clubmanager_club_id_user_id_3580842f_uniq UNIQUE (club_id, user_id);


--
-- Name: clubmanager_clubmanager clubmanager_clubmanager_pkey; Type: CONSTRAINT; Schema: public; Owner: postgres
--

ALTER TABLE ONLY public.clubmanager_clubmanager
    ADD CONSTRAINT clubmanager_clubmanager_pkey PRIMARY KEY (id);


--
-- Name: clubs_club clubs_club_pkey; Type: CONSTRAINT; Schema: public; Owner: postgres
--

ALTER TABLE ONLY public.clubs_club
    ADD CONSTRAINT clubs_club_pkey PRIMARY KEY (id);


--
-- Name: clubs_membership clubs_membership_pkey; Type: CONSTRAINT; Schema: public; Owner: postgres
--

ALTER TABLE ONLY public.clubs_membership
    ADD CONSTRAINT clubs_membership_pkey PRIMARY KEY (id);


--
-- Name: clubs_membership clubs_membership_user_id_club_id_6a2e8481_uniq; Type: CONSTRAINT; Schema: public; Owner: postgres
--

ALTER TABLE ONLY public.clubs_membership
    ADD CONSTRAINT clubs_membership_user_id_club_id_6a2e8481_uniq UNIQUE (user_id, club_id);


--
-- Name: django_admin_log django_admin_log_pkey; Type: CONSTRAINT; Schema: public; Owner: postgres
--

ALTER TABLE ONLY public.django_admin_log
    ADD CONSTRAINT django_admin_log_pkey PRIMARY KEY (id);


--
-- Name: django_content_type django_content_type_app_label_model_76bd3d3b_uniq; Type: CONSTRAINT; Schema: public; Owner: postgres
--

ALTER TABLE ONLY public.django_content_type
    ADD CONSTRAINT django_content_type_app_label_model_76bd3d3b_uniq UNIQUE (app_label, model);


--
-- Name: django_content_type django_content_type_pkey; Type: CONSTRAINT; Schema: public; Owner: postgres
--

ALTER TABLE ONLY public.django_content_type
    ADD CONSTRAINT django_content_type_pkey PRIMARY KEY (id);


--
-- Name: django_migrations django_migrations_pkey; Type: CONSTRAINT; Schema: public; Owner: postgres
--

ALTER TABLE ONLY public.django_migrations
    ADD CONSTRAINT django_migrations_pkey PRIMARY KEY (id);


--
-- Name: django_session django_session_pkey; Type: CONSTRAINT; Schema: public; Owner: postgres
--

ALTER TABLE ONLY public.django_session
    ADD CONSTRAINT django_session_pkey PRIMARY KEY (session_key);


--
-- Name: events_event events_event_pkey; Type: CONSTRAINT; Schema: public; Owner: postgres
--

ALTER TABLE ONLY public.events_event
    ADD CONSTRAINT events_event_pkey PRIMARY KEY (id);


--
-- Name: news_news news_news_pkey; Type: CONSTRAINT; Schema: public; Owner: postgres
--

ALTER TABLE ONLY public.news_news
    ADD CONSTRAINT news_news_pkey PRIMARY KEY (id);


--
-- Name: reviews_review reviews_review_pkey; Type: CONSTRAINT; Schema: public; Owner: postgres
--

ALTER TABLE ONLY public.reviews_review
    ADD CONSTRAINT reviews_review_pkey PRIMARY KEY (id);


--
-- Name: tickets_ticket tickets_ticket_pkey; Type: CONSTRAINT; Schema: public; Owner: postgres
--

ALTER TABLE ONLY public.tickets_ticket
    ADD CONSTRAINT tickets_ticket_pkey PRIMARY KEY (id);


--
-- Name: tickets_ticket tickets_ticket_qrcode_key; Type: CONSTRAINT; Schema: public; Owner: postgres
--

ALTER TABLE ONLY public.tickets_ticket
    ADD CONSTRAINT tickets_ticket_qrcode_key UNIQUE (qrcode);


--
-- Name: api_customuser_groups_customuser_id_9eb4b783; Type: INDEX; Schema: public; Owner: postgres
--

CREATE INDEX api_customuser_groups_customuser_id_9eb4b783 ON public.api_customuser_groups USING btree (customuser_id);


--
-- Name: api_customuser_groups_group_id_f049027c; Type: INDEX; Schema: public; Owner: postgres
--

CREATE INDEX api_customuser_groups_group_id_f049027c ON public.api_customuser_groups USING btree (group_id);


--
-- Name: api_customuser_outlook_c9727a05_like; Type: INDEX; Schema: public; Owner: postgres
--

CREATE INDEX api_customuser_outlook_c9727a05_like ON public.api_customuser USING btree (outlook varchar_pattern_ops);


--
-- Name: api_customuser_role_id_a93fae5f; Type: INDEX; Schema: public; Owner: postgres
--

CREATE INDEX api_customuser_role_id_a93fae5f ON public.api_customuser USING btree (role_id);


--
-- Name: api_customuser_user_permissions_customuser_id_5365c9ba; Type: INDEX; Schema: public; Owner: postgres
--

CREATE INDEX api_customuser_user_permissions_customuser_id_5365c9ba ON public.api_customuser_user_permissions USING btree (customuser_id);


--
-- Name: api_customuser_user_permissions_permission_id_8735d73e; Type: INDEX; Schema: public; Owner: postgres
--

CREATE INDEX api_customuser_user_permissions_permission_id_8735d73e ON public.api_customuser_user_permissions USING btree (permission_id);


--
-- Name: auth_group_name_a6ea08ec_like; Type: INDEX; Schema: public; Owner: postgres
--

CREATE INDEX auth_group_name_a6ea08ec_like ON public.auth_group USING btree (name varchar_pattern_ops);


--
-- Name: auth_group_permissions_group_id_b120cbf9; Type: INDEX; Schema: public; Owner: postgres
--

CREATE INDEX auth_group_permissions_group_id_b120cbf9 ON public.auth_group_permissions USING btree (group_id);


--
-- Name: auth_group_permissions_permission_id_84c5c92e; Type: INDEX; Schema: public; Owner: postgres
--

CREATE INDEX auth_group_permissions_permission_id_84c5c92e ON public.auth_group_permissions USING btree (permission_id);


--
-- Name: auth_permission_content_type_id_2f476e4b; Type: INDEX; Schema: public; Owner: postgres
--

CREATE INDEX auth_permission_content_type_id_2f476e4b ON public.auth_permission USING btree (content_type_id);


--
-- Name: clubmanager_clubmanager_club_id_3bcfa924; Type: INDEX; Schema: public; Owner: postgres
--

CREATE INDEX clubmanager_clubmanager_club_id_3bcfa924 ON public.clubmanager_clubmanager USING btree (club_id);


--
-- Name: clubmanager_clubmanager_user_id_c54352a5; Type: INDEX; Schema: public; Owner: postgres
--

CREATE INDEX clubmanager_clubmanager_user_id_c54352a5 ON public.clubmanager_clubmanager USING btree (user_id);


--
-- Name: clubs_club_manager_id_b5e9ff91; Type: INDEX; Schema: public; Owner: postgres
--

CREATE INDEX clubs_club_manager_id_b5e9ff91 ON public.clubs_club USING btree (manager_id);


--
-- Name: clubs_membership_club_id_97a3b9ae; Type: INDEX; Schema: public; Owner: postgres
--

CREATE INDEX clubs_membership_club_id_97a3b9ae ON public.clubs_membership USING btree (club_id);


--
-- Name: clubs_membership_user_id_801d8bab; Type: INDEX; Schema: public; Owner: postgres
--

CREATE INDEX clubs_membership_user_id_801d8bab ON public.clubs_membership USING btree (user_id);


--
-- Name: django_admin_log_content_type_id_c4bce8eb; Type: INDEX; Schema: public; Owner: postgres
--

CREATE INDEX django_admin_log_content_type_id_c4bce8eb ON public.django_admin_log USING btree (content_type_id);


--
-- Name: django_admin_log_user_id_c564eba6; Type: INDEX; Schema: public; Owner: postgres
--

CREATE INDEX django_admin_log_user_id_c564eba6 ON public.django_admin_log USING btree (user_id);


--
-- Name: django_session_expire_date_a5c62663; Type: INDEX; Schema: public; Owner: postgres
--

CREATE INDEX django_session_expire_date_a5c62663 ON public.django_session USING btree (expire_date);


--
-- Name: django_session_session_key_c0390e0f_like; Type: INDEX; Schema: public; Owner: postgres
--

CREATE INDEX django_session_session_key_c0390e0f_like ON public.django_session USING btree (session_key varchar_pattern_ops);


--
-- Name: events_event_club_id_bffc1900; Type: INDEX; Schema: public; Owner: postgres
--

CREATE INDEX events_event_club_id_bffc1900 ON public.events_event USING btree (club_id);


--
-- Name: reviews_review_event_id_0425dab6; Type: INDEX; Schema: public; Owner: postgres
--

CREATE INDEX reviews_review_event_id_0425dab6 ON public.reviews_review USING btree (event_id);


--
-- Name: reviews_review_user_id_875caff2; Type: INDEX; Schema: public; Owner: postgres
--

CREATE INDEX reviews_review_user_id_875caff2 ON public.reviews_review USING btree (user_id);


--
-- Name: tickets_ticket_event_id_629030b8; Type: INDEX; Schema: public; Owner: postgres
--

CREATE INDEX tickets_ticket_event_id_629030b8 ON public.tickets_ticket USING btree (event_id);


--
-- Name: tickets_ticket_user_id_6f5f1c69; Type: INDEX; Schema: public; Owner: postgres
--

CREATE INDEX tickets_ticket_user_id_6f5f1c69 ON public.tickets_ticket USING btree (user_id);


--
-- Name: api_customuser_groups api_customuser_group_customuser_id_9eb4b783_fk_api_custo; Type: FK CONSTRAINT; Schema: public; Owner: postgres
--

ALTER TABLE ONLY public.api_customuser_groups
    ADD CONSTRAINT api_customuser_group_customuser_id_9eb4b783_fk_api_custo FOREIGN KEY (customuser_id) REFERENCES public.api_customuser(id) DEFERRABLE INITIALLY DEFERRED;


--
-- Name: api_customuser_groups api_customuser_groups_group_id_f049027c_fk_auth_group_id; Type: FK CONSTRAINT; Schema: public; Owner: postgres
--

ALTER TABLE ONLY public.api_customuser_groups
    ADD CONSTRAINT api_customuser_groups_group_id_f049027c_fk_auth_group_id FOREIGN KEY (group_id) REFERENCES public.auth_group(id) DEFERRABLE INITIALLY DEFERRED;


--
-- Name: api_customuser api_customuser_role_id_a93fae5f_fk_api_role_id; Type: FK CONSTRAINT; Schema: public; Owner: postgres
--

ALTER TABLE ONLY public.api_customuser
    ADD CONSTRAINT api_customuser_role_id_a93fae5f_fk_api_role_id FOREIGN KEY (role_id) REFERENCES public.api_role(id) DEFERRABLE INITIALLY DEFERRED;


--
-- Name: api_customuser_user_permissions api_customuser_user__customuser_id_5365c9ba_fk_api_custo; Type: FK CONSTRAINT; Schema: public; Owner: postgres
--

ALTER TABLE ONLY public.api_customuser_user_permissions
    ADD CONSTRAINT api_customuser_user__customuser_id_5365c9ba_fk_api_custo FOREIGN KEY (customuser_id) REFERENCES public.api_customuser(id) DEFERRABLE INITIALLY DEFERRED;


--
-- Name: api_customuser_user_permissions api_customuser_user__permission_id_8735d73e_fk_auth_perm; Type: FK CONSTRAINT; Schema: public; Owner: postgres
--

ALTER TABLE ONLY public.api_customuser_user_permissions
    ADD CONSTRAINT api_customuser_user__permission_id_8735d73e_fk_auth_perm FOREIGN KEY (permission_id) REFERENCES public.auth_permission(id) DEFERRABLE INITIALLY DEFERRED;


--
-- Name: auth_group_permissions auth_group_permissio_permission_id_84c5c92e_fk_auth_perm; Type: FK CONSTRAINT; Schema: public; Owner: postgres
--

ALTER TABLE ONLY public.auth_group_permissions
    ADD CONSTRAINT auth_group_permissio_permission_id_84c5c92e_fk_auth_perm FOREIGN KEY (permission_id) REFERENCES public.auth_permission(id) DEFERRABLE INITIALLY DEFERRED;


--
-- Name: auth_group_permissions auth_group_permissions_group_id_b120cbf9_fk_auth_group_id; Type: FK CONSTRAINT; Schema: public; Owner: postgres
--

ALTER TABLE ONLY public.auth_group_permissions
    ADD CONSTRAINT auth_group_permissions_group_id_b120cbf9_fk_auth_group_id FOREIGN KEY (group_id) REFERENCES public.auth_group(id) DEFERRABLE INITIALLY DEFERRED;


--
-- Name: auth_permission auth_permission_content_type_id_2f476e4b_fk_django_co; Type: FK CONSTRAINT; Schema: public; Owner: postgres
--

ALTER TABLE ONLY public.auth_permission
    ADD CONSTRAINT auth_permission_content_type_id_2f476e4b_fk_django_co FOREIGN KEY (content_type_id) REFERENCES public.django_content_type(id) DEFERRABLE INITIALLY DEFERRED;


--
-- Name: clubmanager_clubmanager clubmanager_clubmanager_club_id_3bcfa924_fk_clubs_club_id; Type: FK CONSTRAINT; Schema: public; Owner: postgres
--

ALTER TABLE ONLY public.clubmanager_clubmanager
    ADD CONSTRAINT clubmanager_clubmanager_club_id_3bcfa924_fk_clubs_club_id FOREIGN KEY (club_id) REFERENCES public.clubs_club(id) DEFERRABLE INITIALLY DEFERRED;


--
-- Name: clubmanager_clubmanager clubmanager_clubmanager_user_id_c54352a5_fk_api_customuser_id; Type: FK CONSTRAINT; Schema: public; Owner: postgres
--

ALTER TABLE ONLY public.clubmanager_clubmanager
    ADD CONSTRAINT clubmanager_clubmanager_user_id_c54352a5_fk_api_customuser_id FOREIGN KEY (user_id) REFERENCES public.api_customuser(id) DEFERRABLE INITIALLY DEFERRED;


--
-- Name: clubs_club clubs_club_manager_id_b5e9ff91_fk_api_customuser_id; Type: FK CONSTRAINT; Schema: public; Owner: postgres
--

ALTER TABLE ONLY public.clubs_club
    ADD CONSTRAINT clubs_club_manager_id_b5e9ff91_fk_api_customuser_id FOREIGN KEY (manager_id) REFERENCES public.api_customuser(id) DEFERRABLE INITIALLY DEFERRED;


--
-- Name: clubs_membership clubs_membership_club_id_97a3b9ae_fk_clubs_club_id; Type: FK CONSTRAINT; Schema: public; Owner: postgres
--

ALTER TABLE ONLY public.clubs_membership
    ADD CONSTRAINT clubs_membership_club_id_97a3b9ae_fk_clubs_club_id FOREIGN KEY (club_id) REFERENCES public.clubs_club(id) DEFERRABLE INITIALLY DEFERRED;


--
-- Name: clubs_membership clubs_membership_user_id_801d8bab_fk_api_customuser_id; Type: FK CONSTRAINT; Schema: public; Owner: postgres
--

ALTER TABLE ONLY public.clubs_membership
    ADD CONSTRAINT clubs_membership_user_id_801d8bab_fk_api_customuser_id FOREIGN KEY (user_id) REFERENCES public.api_customuser(id) DEFERRABLE INITIALLY DEFERRED;


--
-- Name: django_admin_log django_admin_log_content_type_id_c4bce8eb_fk_django_co; Type: FK CONSTRAINT; Schema: public; Owner: postgres
--

ALTER TABLE ONLY public.django_admin_log
    ADD CONSTRAINT django_admin_log_content_type_id_c4bce8eb_fk_django_co FOREIGN KEY (content_type_id) REFERENCES public.django_content_type(id) DEFERRABLE INITIALLY DEFERRED;


--
-- Name: django_admin_log django_admin_log_user_id_c564eba6_fk_api_customuser_id; Type: FK CONSTRAINT; Schema: public; Owner: postgres
--

ALTER TABLE ONLY public.django_admin_log
    ADD CONSTRAINT django_admin_log_user_id_c564eba6_fk_api_customuser_id FOREIGN KEY (user_id) REFERENCES public.api_customuser(id) DEFERRABLE INITIALLY DEFERRED;


--
-- Name: events_event events_event_club_id_bffc1900_fk_clubs_club_id; Type: FK CONSTRAINT; Schema: public; Owner: postgres
--

ALTER TABLE ONLY public.events_event
    ADD CONSTRAINT events_event_club_id_bffc1900_fk_clubs_club_id FOREIGN KEY (club_id) REFERENCES public.clubs_club(id) DEFERRABLE INITIALLY DEFERRED;


--
-- Name: reviews_review reviews_review_event_id_0425dab6_fk_events_event_id; Type: FK CONSTRAINT; Schema: public; Owner: postgres
--

ALTER TABLE ONLY public.reviews_review
    ADD CONSTRAINT reviews_review_event_id_0425dab6_fk_events_event_id FOREIGN KEY (event_id) REFERENCES public.events_event(id) DEFERRABLE INITIALLY DEFERRED;


--
-- Name: reviews_review reviews_review_user_id_875caff2_fk_api_customuser_id; Type: FK CONSTRAINT; Schema: public; Owner: postgres
--

ALTER TABLE ONLY public.reviews_review
    ADD CONSTRAINT reviews_review_user_id_875caff2_fk_api_customuser_id FOREIGN KEY (user_id) REFERENCES public.api_customuser(id) DEFERRABLE INITIALLY DEFERRED;


--
-- Name: tickets_ticket tickets_ticket_event_id_629030b8_fk_events_event_id; Type: FK CONSTRAINT; Schema: public; Owner: postgres
--

ALTER TABLE ONLY public.tickets_ticket
    ADD CONSTRAINT tickets_ticket_event_id_629030b8_fk_events_event_id FOREIGN KEY (event_id) REFERENCES public.events_event(id) DEFERRABLE INITIALLY DEFERRED;


--
-- Name: tickets_ticket tickets_ticket_user_id_6f5f1c69_fk_api_customuser_id; Type: FK CONSTRAINT; Schema: public; Owner: postgres
--

ALTER TABLE ONLY public.tickets_ticket
    ADD CONSTRAINT tickets_ticket_user_id_6f5f1c69_fk_api_customuser_id FOREIGN KEY (user_id) REFERENCES public.api_customuser(id) DEFERRABLE INITIALLY DEFERRED;


--
-- PostgreSQL database dump complete
--

\unrestrict uKomgWGmyt7WJBFy7Y3nbiRYs3BlPy1FEnEqEr4W4XZe9GIFtpexSnt2gr60L7O

